Tipologia_API;Zona;Data;Valore
uniqueUserZone;OWM Zona9;2020-04-04 00:00:00+02:00;191
uniqueUserZone;OWM Zona8;2020-04-04 00:00:00+02:00;184
uniqueUserZone;OWM Zona7;2020-04-04 00:00:00+02:00;218
uniqueUserZone;OWM Zona6;2020-04-04 00:00:00+02:00;280
uniqueUserZone;OWM Zona5;2020-04-04 00:00:00+02:00;126
uniqueUserZone;OWM Zona4;2020-04-04 00:00:00+02:00;195
uniqueUserZone;OWM Zona3;2020-04-04 00:00:00+02:00;266
uniqueUserZone;OWM Zona2;2020-04-04 00:00:00+02:00;151
uniqueUserZone;OWM Zona1;2020-04-04 00:00:00+02:00;150
uniqueUserZone;OWM Zona9;2020-04-03 00:00:00+02:00;212
uniqueUserZone;OWM Zona8;2020-04-03 00:00:00+02:00;183
uniqueUserZone;OWM Zona7;2020-04-03 00:00:00+02:00;227
uniqueUserZone;OWM Zona6;2020-04-03 00:00:00+02:00;257
uniqueUserZone;OWM Zona5;2020-04-03 00:00:00+02:00;127
uniqueUserZone;OWM Zona4;2020-04-03 00:00:00+02:00;194
uniqueUserZone;OWM Zona3;2020-04-03 00:00:00+02:00;276
uniqueUserZone;OWM Zona2;2020-04-03 00:00:00+02:00;168
uniqueUserZone;OWM Zona1;2020-04-03 00:00:00+02:00;172
uniqueUserZone;OWM Zona9;2020-04-02 00:00:00+02:00;206
uniqueUserZone;OWM Zona8;2020-04-02 00:00:00+02:00;183
uniqueUserZone;OWM Zona7;2020-04-02 00:00:00+02:00;219
uniqueUserZone;OWM Zona6;2020-04-02 00:00:00+02:00;256
uniqueUserZone;OWM Zona5;2020-04-02 00:00:00+02:00;111
uniqueUserZone;OWM Zona4;2020-04-02 00:00:00+02:00;202
uniqueUserZone;OWM Zona3;2020-04-02 00:00:00+02:00;265
uniqueUserZone;OWM Zona2;2020-04-02 00:00:00+02:00;162
uniqueUserZone;OWM Zona1;2020-04-02 00:00:00+02:00;184
uniqueUserZone;OWM Zona9;2020-04-01 00:00:00+02:00;199
uniqueUserZone;OWM Zona8;2020-04-01 00:00:00+02:00;187
uniqueUserZone;OWM Zona7;2020-04-01 00:00:00+02:00;227
uniqueUserZone;OWM Zona6;2020-04-01 00:00:00+02:00;240
uniqueUserZone;OWM Zona5;2020-04-01 00:00:00+02:00;124
uniqueUserZone;OWM Zona4;2020-04-01 00:00:00+02:00;216
uniqueUserZone;OWM Zona3;2020-04-01 00:00:00+02:00;246
uniqueUserZone;OWM Zona2;2020-04-01 00:00:00+02:00;170
uniqueUserZone;OWM Zona1;2020-04-01 00:00:00+02:00;176
uniqueUserZone;OWM Zona9;2020-03-31 00:00:00+02:00;213
uniqueUserZone;OWM Zona8;2020-03-31 00:00:00+02:00;178
uniqueUserZone;OWM Zona7;2020-03-31 00:00:00+02:00;239
uniqueUserZone;OWM Zona6;2020-03-31 00:00:00+02:00;240
uniqueUserZone;OWM Zona5;2020-03-31 00:00:00+02:00;114
uniqueUserZone;OWM Zona4;2020-03-31 00:00:00+02:00;179
uniqueUserZone;OWM Zona3;2020-03-31 00:00:00+02:00;245
uniqueUserZone;OWM Zona2;2020-03-31 00:00:00+02:00;145
uniqueUserZone;OWM Zona1;2020-03-31 00:00:00+02:00;171
uniqueUserZone;OWM Zona9;2020-03-30 00:00:00+02:00;230
uniqueUserZone;OWM Zona8;2020-03-30 00:00:00+02:00;192
uniqueUserZone;OWM Zona7;2020-03-30 00:00:00+02:00;222
uniqueUserZone;OWM Zona6;2020-03-30 00:00:00+02:00;224
uniqueUserZone;OWM Zona5;2020-03-30 00:00:00+02:00;123
uniqueUserZone;OWM Zona4;2020-03-30 00:00:00+02:00;187
uniqueUserZone;OWM Zona3;2020-03-30 00:00:00+02:00;242
uniqueUserZone;OWM Zona2;2020-03-30 00:00:00+02:00;129
uniqueUserZone;OWM Zona1;2020-03-30 00:00:00+02:00;166
uniqueUserZone;OWM Zona9;2020-03-29 00:00:00+01:00;164
uniqueUserZone;OWM Zona8;2020-03-29 00:00:00+01:00;131
uniqueUserZone;OWM Zona7;2020-03-29 00:00:00+01:00;177
uniqueUserZone;OWM Zona6;2020-03-29 00:00:00+01:00;186
uniqueUserZone;OWM Zona5;2020-03-29 00:00:00+01:00;97
uniqueUserZone;OWM Zona4;2020-03-29 00:00:00+01:00;144
uniqueUserZone;OWM Zona3;2020-03-29 00:00:00+01:00;167
uniqueUserZone;OWM Zona2;2020-03-29 00:00:00+01:00;114
uniqueUserZone;OWM Zona1;2020-03-29 00:00:00+01:00;98
uniqueUserZone;OWM Zona9;2020-03-28 00:00:00+01:00;186
uniqueUserZone;OWM Zona8;2020-03-28 00:00:00+01:00;186
uniqueUserZone;OWM Zona7;2020-03-28 00:00:00+01:00;199
uniqueUserZone;OWM Zona6;2020-03-28 00:00:00+01:00;217
uniqueUserZone;OWM Zona5;2020-03-28 00:00:00+01:00;123
uniqueUserZone;OWM Zona4;2020-03-28 00:00:00+01:00;189
uniqueUserZone;OWM Zona3;2020-03-28 00:00:00+01:00;218
uniqueUserZone;OWM Zona2;2020-03-28 00:00:00+01:00;131
uniqueUserZone;OWM Zona1;2020-03-28 00:00:00+01:00;132
uniqueUserZone;OWM Zona9;2020-03-27 00:00:00+01:00;203
uniqueUserZone;OWM Zona8;2020-03-27 00:00:00+01:00;201
uniqueUserZone;OWM Zona7;2020-03-27 00:00:00+01:00;223
uniqueUserZone;OWM Zona6;2020-03-27 00:00:00+01:00;225
uniqueUserZone;OWM Zona5;2020-03-27 00:00:00+01:00;115
uniqueUserZone;OWM Zona4;2020-03-27 00:00:00+01:00;193
uniqueUserZone;OWM Zona3;2020-03-27 00:00:00+01:00;238
uniqueUserZone;OWM Zona2;2020-03-27 00:00:00+01:00;147
uniqueUserZone;OWM Zona1;2020-03-27 00:00:00+01:00;174
uniqueUserZone;OWM Zona9;2020-03-26 00:00:00+01:00;160
uniqueUserZone;OWM Zona8;2020-03-26 00:00:00+01:00;127
uniqueUserZone;OWM Zona7;2020-03-26 00:00:00+01:00;155
uniqueUserZone;OWM Zona6;2020-03-26 00:00:00+01:00;164
uniqueUserZone;OWM Zona5;2020-03-26 00:00:00+01:00;108
uniqueUserZone;OWM Zona4;2020-03-26 00:00:00+01:00;141
uniqueUserZone;OWM Zona3;2020-03-26 00:00:00+01:00;161
uniqueUserZone;OWM Zona2;2020-03-26 00:00:00+01:00;115
uniqueUserZone;OWM Zona1;2020-03-26 00:00:00+01:00;116
uniqueUserZone;OWM Zona9;2020-03-25 00:00:00+01:00;186
uniqueUserZone;OWM Zona8;2020-03-25 00:00:00+01:00;152
uniqueUserZone;OWM Zona7;2020-03-25 00:00:00+01:00;179
uniqueUserZone;OWM Zona6;2020-03-25 00:00:00+01:00;210
uniqueUserZone;OWM Zona5;2020-03-25 00:00:00+01:00;145
uniqueUserZone;OWM Zona4;2020-03-25 00:00:00+01:00;177
uniqueUserZone;OWM Zona3;2020-03-25 00:00:00+01:00;217
uniqueUserZone;OWM Zona2;2020-03-25 00:00:00+01:00;136
uniqueUserZone;OWM Zona1;2020-03-25 00:00:00+01:00;160
uniqueUserZone;OWM Zona9;2020-03-24 00:00:00+01:00;198
uniqueUserZone;OWM Zona8;2020-03-24 00:00:00+01:00;177
uniqueUserZone;OWM Zona7;2020-03-24 00:00:00+01:00;210
uniqueUserZone;OWM Zona6;2020-03-24 00:00:00+01:00;253
uniqueUserZone;OWM Zona5;2020-03-24 00:00:00+01:00;116
uniqueUserZone;OWM Zona4;2020-03-24 00:00:00+01:00;188
uniqueUserZone;OWM Zona3;2020-03-24 00:00:00+01:00;238
uniqueUserZone;OWM Zona2;2020-03-24 00:00:00+01:00;159
uniqueUserZone;OWM Zona1;2020-03-24 00:00:00+01:00;164
uniqueUserZone;OWM Zona9;2020-03-23 00:00:00+01:00;168
uniqueUserZone;OWM Zona8;2020-03-23 00:00:00+01:00;186
uniqueUserZone;OWM Zona7;2020-03-23 00:00:00+01:00;196
uniqueUserZone;OWM Zona6;2020-03-23 00:00:00+01:00;231
uniqueUserZone;OWM Zona5;2020-03-23 00:00:00+01:00;121
uniqueUserZone;OWM Zona4;2020-03-23 00:00:00+01:00;186
uniqueUserZone;OWM Zona3;2020-03-23 00:00:00+01:00;225
uniqueUserZone;OWM Zona2;2020-03-23 00:00:00+01:00;144
uniqueUserZone;OWM Zona1;2020-03-23 00:00:00+01:00;151
uniqueUserZone;OWM Zona9;2020-03-22 00:00:00+01:00;153
uniqueUserZone;OWM Zona8;2020-03-22 00:00:00+01:00;153
uniqueUserZone;OWM Zona7;2020-03-22 00:00:00+01:00;152
uniqueUserZone;OWM Zona6;2020-03-22 00:00:00+01:00;218
uniqueUserZone;OWM Zona5;2020-03-22 00:00:00+01:00;97
uniqueUserZone;OWM Zona4;2020-03-22 00:00:00+01:00;136
uniqueUserZone;OWM Zona3;2020-03-22 00:00:00+01:00;178
uniqueUserZone;OWM Zona2;2020-03-22 00:00:00+01:00;106
uniqueUserZone;OWM Zona1;2020-03-22 00:00:00+01:00;118
uniqueUserZone;OWM Zona9;2020-03-21 00:00:00+01:00;188
uniqueUserZone;OWM Zona8;2020-03-21 00:00:00+01:00;173
uniqueUserZone;OWM Zona7;2020-03-21 00:00:00+01:00;188
uniqueUserZone;OWM Zona6;2020-03-21 00:00:00+01:00;273
uniqueUserZone;OWM Zona5;2020-03-21 00:00:00+01:00;124
uniqueUserZone;OWM Zona4;2020-03-21 00:00:00+01:00;188
uniqueUserZone;OWM Zona3;2020-03-21 00:00:00+01:00;248
uniqueUserZone;OWM Zona2;2020-03-21 00:00:00+01:00;137
uniqueUserZone;OWM Zona1;2020-03-21 00:00:00+01:00;146
uniqueUserZone;OWM Zona9;2020-03-20 00:00:00+01:00;223
uniqueUserZone;OWM Zona8;2020-03-20 00:00:00+01:00;206
uniqueUserZone;OWM Zona7;2020-03-20 00:00:00+01:00;228
uniqueUserZone;OWM Zona6;2020-03-20 00:00:00+01:00;291
uniqueUserZone;OWM Zona5;2020-03-20 00:00:00+01:00;150
uniqueUserZone;OWM Zona4;2020-03-20 00:00:00+01:00;210
uniqueUserZone;OWM Zona3;2020-03-20 00:00:00+01:00;281
uniqueUserZone;OWM Zona2;2020-03-20 00:00:00+01:00;178
uniqueUserZone;OWM Zona1;2020-03-20 00:00:00+01:00;212
uniqueUserZone;OWM Zona9;2020-03-19 00:00:00+01:00;206
uniqueUserZone;OWM Zona8;2020-03-19 00:00:00+01:00;213
uniqueUserZone;OWM Zona7;2020-03-19 00:00:00+01:00;246
uniqueUserZone;OWM Zona6;2020-03-19 00:00:00+01:00;306
uniqueUserZone;OWM Zona5;2020-03-19 00:00:00+01:00;156
uniqueUserZone;OWM Zona4;2020-03-19 00:00:00+01:00;232
uniqueUserZone;OWM Zona3;2020-03-19 00:00:00+01:00;289
uniqueUserZone;OWM Zona2;2020-03-19 00:00:00+01:00;176
uniqueUserZone;OWM Zona1;2020-03-19 00:00:00+01:00;202
uniqueUserZone;OWM Zona9;2020-03-18 00:00:00+01:00;228
uniqueUserZone;OWM Zona8;2020-03-18 00:00:00+01:00;228
uniqueUserZone;OWM Zona7;2020-03-18 00:00:00+01:00;263
uniqueUserZone;OWM Zona6;2020-03-18 00:00:00+01:00;329
uniqueUserZone;OWM Zona5;2020-03-18 00:00:00+01:00;151
uniqueUserZone;OWM Zona4;2020-03-18 00:00:00+01:00;224
uniqueUserZone;OWM Zona3;2020-03-18 00:00:00+01:00;291
uniqueUserZone;OWM Zona2;2020-03-18 00:00:00+01:00;162
uniqueUserZone;OWM Zona1;2020-03-18 00:00:00+01:00;210
uniqueUserZone;OWM Zona9;2020-03-17 00:00:00+01:00;231
uniqueUserZone;OWM Zona8;2020-03-17 00:00:00+01:00;213
uniqueUserZone;OWM Zona7;2020-03-17 00:00:00+01:00;270
uniqueUserZone;OWM Zona6;2020-03-17 00:00:00+01:00;320
uniqueUserZone;OWM Zona5;2020-03-17 00:00:00+01:00;205
uniqueUserZone;OWM Zona4;2020-03-17 00:00:00+01:00;243
uniqueUserZone;OWM Zona3;2020-03-17 00:00:00+01:00;307
uniqueUserZone;OWM Zona2;2020-03-17 00:00:00+01:00;190
uniqueUserZone;OWM Zona1;2020-03-17 00:00:00+01:00;254
uniqueUserZone;OWM Zona9;2020-03-16 00:00:00+01:00;231
uniqueUserZone;OWM Zona8;2020-03-16 00:00:00+01:00;240
uniqueUserZone;OWM Zona7;2020-03-16 00:00:00+01:00;265
uniqueUserZone;OWM Zona6;2020-03-16 00:00:00+01:00;321
uniqueUserZone;OWM Zona5;2020-03-16 00:00:00+01:00;172
uniqueUserZone;OWM Zona4;2020-03-16 00:00:00+01:00;247
uniqueUserZone;OWM Zona3;2020-03-16 00:00:00+01:00;321
uniqueUserZone;OWM Zona2;2020-03-16 00:00:00+01:00;205
uniqueUserZone;OWM Zona1;2020-03-16 00:00:00+01:00;259
uniqueUserZone;OWM Zona9;2020-03-15 00:00:00+01:00;110
uniqueUserZone;OWM Zona8;2020-03-15 00:00:00+01:00;167
uniqueUserZone;OWM Zona7;2020-03-15 00:00:00+01:00;230
uniqueUserZone;OWM Zona6;2020-03-15 00:00:00+01:00;279
uniqueUserZone;OWM Zona5;2020-03-15 00:00:00+01:00;144
uniqueUserZone;OWM Zona4;2020-03-15 00:00:00+01:00;192
uniqueUserZone;OWM Zona3;2020-03-15 00:00:00+01:00;236
uniqueUserZone;OWM Zona2;2020-03-15 00:00:00+01:00;159
uniqueUserZone;OWM Zona1;2020-03-15 00:00:00+01:00;148
uniqueUserZone;OWM Zona9;2020-03-14 00:00:00+01:00;131
uniqueUserZone;OWM Zona8;2020-03-14 00:00:00+01:00;196
uniqueUserZone;OWM Zona7;2020-03-14 00:00:00+01:00;251
uniqueUserZone;OWM Zona6;2020-03-14 00:00:00+01:00;284
uniqueUserZone;OWM Zona5;2020-03-14 00:00:00+01:00;148
uniqueUserZone;OWM Zona4;2020-03-14 00:00:00+01:00;201
uniqueUserZone;OWM Zona3;2020-03-14 00:00:00+01:00;270
uniqueUserZone;OWM Zona2;2020-03-14 00:00:00+01:00;175
uniqueUserZone;OWM Zona1;2020-03-14 00:00:00+01:00;184
uniqueUserZone;OWM Zona9;2020-03-13 00:00:00+01:00;196
uniqueUserZone;OWM Zona8;2020-03-13 00:00:00+01:00;255
uniqueUserZone;OWM Zona7;2020-03-13 00:00:00+01:00;307
uniqueUserZone;OWM Zona6;2020-03-13 00:00:00+01:00;349
uniqueUserZone;OWM Zona5;2020-03-13 00:00:00+01:00;177
uniqueUserZone;OWM Zona4;2020-03-13 00:00:00+01:00;271
uniqueUserZone;OWM Zona3;2020-03-13 00:00:00+01:00;361
uniqueUserZone;OWM Zona2;2020-03-13 00:00:00+01:00;216
uniqueUserZone;OWM Zona1;2020-03-13 00:00:00+01:00;307
uniqueUserZone;OWM Zona9;2020-03-12 00:00:00+01:00;216
uniqueUserZone;OWM Zona8;2020-03-12 00:00:00+01:00;265
uniqueUserZone;OWM Zona7;2020-03-12 00:00:00+01:00;302
uniqueUserZone;OWM Zona6;2020-03-12 00:00:00+01:00;388
uniqueUserZone;OWM Zona5;2020-03-12 00:00:00+01:00;165
uniqueUserZone;OWM Zona4;2020-03-12 00:00:00+01:00;257
uniqueUserZone;OWM Zona3;2020-03-12 00:00:00+01:00;331
uniqueUserZone;OWM Zona2;2020-03-12 00:00:00+01:00;221
uniqueUserZone;OWM Zona1;2020-03-12 00:00:00+01:00;317
uniqueUserZone;OWM Zona9;2020-03-11 00:00:00+01:00;299
uniqueUserZone;OWM Zona8;2020-03-11 00:00:00+01:00;327
uniqueUserZone;OWM Zona7;2020-03-11 00:00:00+01:00;388
uniqueUserZone;OWM Zona6;2020-03-11 00:00:00+01:00;497
uniqueUserZone;OWM Zona5;2020-03-11 00:00:00+01:00;221
uniqueUserZone;OWM Zona4;2020-03-11 00:00:00+01:00;311
uniqueUserZone;OWM Zona3;2020-03-11 00:00:00+01:00;403
uniqueUserZone;OWM Zona2;2020-03-11 00:00:00+01:00;264
uniqueUserZone;OWM Zona1;2020-03-11 00:00:00+01:00;467
uniqueUserZone;OWM Zona9;2020-03-10 00:00:00+01:00;295
uniqueUserZone;OWM Zona8;2020-03-10 00:00:00+01:00;298
uniqueUserZone;OWM Zona7;2020-03-10 00:00:00+01:00;372
uniqueUserZone;OWM Zona6;2020-03-10 00:00:00+01:00;518
uniqueUserZone;OWM Zona5;2020-03-10 00:00:00+01:00;260
uniqueUserZone;OWM Zona4;2020-03-10 00:00:00+01:00;314
uniqueUserZone;OWM Zona3;2020-03-10 00:00:00+01:00;471
uniqueUserZone;OWM Zona2;2020-03-10 00:00:00+01:00;271
uniqueUserZone;OWM Zona1;2020-03-10 00:00:00+01:00;518
uniqueUserZone;OWM Zona9;2020-03-09 00:00:00+01:00;311
uniqueUserZone;OWM Zona8;2020-03-09 00:00:00+01:00;328
uniqueUserZone;OWM Zona7;2020-03-09 00:00:00+01:00;408
uniqueUserZone;OWM Zona6;2020-03-09 00:00:00+01:00;587
uniqueUserZone;OWM Zona5;2020-03-09 00:00:00+01:00;270
uniqueUserZone;OWM Zona4;2020-03-09 00:00:00+01:00;334
uniqueUserZone;OWM Zona3;2020-03-09 00:00:00+01:00;514
uniqueUserZone;OWM Zona2;2020-03-09 00:00:00+01:00;325
uniqueUserZone;OWM Zona1;2020-03-09 00:00:00+01:00;585
uniqueUserZone;OWM Zona9;2020-03-08 00:00:00+01:00;325
uniqueUserZone;OWM Zona8;2020-03-08 00:00:00+01:00;354
uniqueUserZone;OWM Zona7;2020-03-08 00:00:00+01:00;397
uniqueUserZone;OWM Zona6;2020-03-08 00:00:00+01:00;573
uniqueUserZone;OWM Zona5;2020-03-08 00:00:00+01:00;254
uniqueUserZone;OWM Zona4;2020-03-08 00:00:00+01:00;344
uniqueUserZone;OWM Zona3;2020-03-08 00:00:00+01:00;485
uniqueUserZone;OWM Zona2;2020-03-08 00:00:00+01:00;331
uniqueUserZone;OWM Zona1;2020-03-08 00:00:00+01:00;651
uniqueUserZone;OWM Zona9;2020-03-07 00:00:00+01:00;395
uniqueUserZone;OWM Zona8;2020-03-07 00:00:00+01:00;388
uniqueUserZone;OWM Zona7;2020-03-07 00:00:00+01:00;516
uniqueUserZone;OWM Zona6;2020-03-07 00:00:00+01:00;732
uniqueUserZone;OWM Zona5;2020-03-07 00:00:00+01:00;307
uniqueUserZone;OWM Zona4;2020-03-07 00:00:00+01:00;407
uniqueUserZone;OWM Zona3;2020-03-07 00:00:00+01:00;596
uniqueUserZone;OWM Zona2;2020-03-07 00:00:00+01:00;341
uniqueUserZone;OWM Zona1;2020-03-07 00:00:00+01:00;873
uniqueUserZone;OWM Zona9;2020-03-06 00:00:00+01:00;376
uniqueUserZone;OWM Zona8;2020-03-06 00:00:00+01:00;451
uniqueUserZone;OWM Zona7;2020-03-06 00:00:00+01:00;550
uniqueUserZone;OWM Zona6;2020-03-06 00:00:00+01:00;723
uniqueUserZone;OWM Zona5;2020-03-06 00:00:00+01:00;326
uniqueUserZone;OWM Zona4;2020-03-06 00:00:00+01:00;436
uniqueUserZone;OWM Zona3;2020-03-06 00:00:00+01:00;628
uniqueUserZone;OWM Zona2;2020-03-06 00:00:00+01:00;407
uniqueUserZone;OWM Zona1;2020-03-06 00:00:00+01:00;923
uniqueUserZone;OWM Zona9;2020-03-05 00:00:00+01:00;343
uniqueUserZone;OWM Zona8;2020-03-05 00:00:00+01:00;375
uniqueUserZone;OWM Zona7;2020-03-05 00:00:00+01:00;464
uniqueUserZone;OWM Zona6;2020-03-05 00:00:00+01:00;656
uniqueUserZone;OWM Zona5;2020-03-05 00:00:00+01:00;309
uniqueUserZone;OWM Zona4;2020-03-05 00:00:00+01:00;407
uniqueUserZone;OWM Zona3;2020-03-05 00:00:00+01:00;565
uniqueUserZone;OWM Zona2;2020-03-05 00:00:00+01:00;341
uniqueUserZone;OWM Zona1;2020-03-05 00:00:00+01:00;828
uniqueUserZone;OWM Zona9;2020-03-04 00:00:00+01:00;422
uniqueUserZone;OWM Zona8;2020-03-04 00:00:00+01:00;424
uniqueUserZone;OWM Zona7;2020-03-04 00:00:00+01:00;475
uniqueUserZone;OWM Zona6;2020-03-04 00:00:00+01:00;805
uniqueUserZone;OWM Zona5;2020-03-04 00:00:00+01:00;338
uniqueUserZone;OWM Zona4;2020-03-04 00:00:00+01:00;418
uniqueUserZone;OWM Zona3;2020-03-04 00:00:00+01:00;640
uniqueUserZone;OWM Zona2;2020-03-04 00:00:00+01:00;409
uniqueUserZone;OWM Zona1;2020-03-04 00:00:00+01:00;1035
uniqueUserZone;OWM Zona9;2020-03-03 00:00:00+01:00;408
uniqueUserZone;OWM Zona8;2020-03-03 00:00:00+01:00;431
uniqueUserZone;OWM Zona7;2020-03-03 00:00:00+01:00;507
uniqueUserZone;OWM Zona6;2020-03-03 00:00:00+01:00;720
uniqueUserZone;OWM Zona5;2020-03-03 00:00:00+01:00;303
uniqueUserZone;OWM Zona4;2020-03-03 00:00:00+01:00;430
uniqueUserZone;OWM Zona3;2020-03-03 00:00:00+01:00;642
uniqueUserZone;OWM Zona2;2020-03-03 00:00:00+01:00;432
uniqueUserZone;OWM Zona1;2020-03-03 00:00:00+01:00;999
uniqueUserZone;OWM Zona9;2020-03-02 00:00:00+01:00;287
uniqueUserZone;OWM Zona8;2020-03-02 00:00:00+01:00;334
uniqueUserZone;OWM Zona7;2020-03-02 00:00:00+01:00;372
uniqueUserZone;OWM Zona6;2020-03-02 00:00:00+01:00;514
uniqueUserZone;OWM Zona5;2020-03-02 00:00:00+01:00;232
uniqueUserZone;OWM Zona4;2020-03-02 00:00:00+01:00;306
uniqueUserZone;OWM Zona3;2020-03-02 00:00:00+01:00;429
uniqueUserZone;OWM Zona2;2020-03-02 00:00:00+01:00;309
uniqueUserZone;OWM Zona1;2020-03-02 00:00:00+01:00;686
uniqueUserZone;OWM Zona9;2020-03-01 00:00:00+01:00;272
uniqueUserZone;OWM Zona8;2020-03-01 00:00:00+01:00;314
uniqueUserZone;OWM Zona7;2020-03-01 00:00:00+01:00;357
uniqueUserZone;OWM Zona6;2020-03-01 00:00:00+01:00;486
uniqueUserZone;OWM Zona5;2020-03-01 00:00:00+01:00;234
uniqueUserZone;OWM Zona4;2020-03-01 00:00:00+01:00;324
uniqueUserZone;OWM Zona3;2020-03-01 00:00:00+01:00;445
uniqueUserZone;OWM Zona2;2020-03-01 00:00:00+01:00;294
uniqueUserZone;OWM Zona1;2020-03-01 00:00:00+01:00;655
uniqueUserZone;OWM Zona9;2020-02-29 00:00:00+01:00;348
uniqueUserZone;OWM Zona8;2020-02-29 00:00:00+01:00;362
uniqueUserZone;OWM Zona7;2020-02-29 00:00:00+01:00;432
uniqueUserZone;OWM Zona6;2020-02-29 00:00:00+01:00;554
uniqueUserZone;OWM Zona5;2020-02-29 00:00:00+01:00;255
uniqueUserZone;OWM Zona4;2020-02-29 00:00:00+01:00;393
uniqueUserZone;OWM Zona3;2020-02-29 00:00:00+01:00;526
uniqueUserZone;OWM Zona2;2020-02-29 00:00:00+01:00;346
uniqueUserZone;OWM Zona1;2020-02-29 00:00:00+01:00;830
uniqueUserZone;OWM Zona9;2020-02-28 00:00:00+01:00;387
uniqueUserZone;OWM Zona8;2020-02-28 00:00:00+01:00;444
uniqueUserZone;OWM Zona7;2020-02-28 00:00:00+01:00;492
uniqueUserZone;OWM Zona6;2020-02-28 00:00:00+01:00;720
uniqueUserZone;OWM Zona5;2020-02-28 00:00:00+01:00;330
uniqueUserZone;OWM Zona4;2020-02-28 00:00:00+01:00;426
uniqueUserZone;OWM Zona3;2020-02-28 00:00:00+01:00;579
uniqueUserZone;OWM Zona2;2020-02-28 00:00:00+01:00;423
uniqueUserZone;OWM Zona1;2020-02-28 00:00:00+01:00;982
uniqueUserZone;OWM Zona9;2020-02-27 00:00:00+01:00;386
uniqueUserZone;OWM Zona8;2020-02-27 00:00:00+01:00;397
uniqueUserZone;OWM Zona7;2020-02-27 00:00:00+01:00;465
uniqueUserZone;OWM Zona6;2020-02-27 00:00:00+01:00;655
uniqueUserZone;OWM Zona5;2020-02-27 00:00:00+01:00;292
uniqueUserZone;OWM Zona4;2020-02-27 00:00:00+01:00;427
uniqueUserZone;OWM Zona3;2020-02-27 00:00:00+01:00;592
uniqueUserZone;OWM Zona2;2020-02-27 00:00:00+01:00;394
uniqueUserZone;OWM Zona1;2020-02-27 00:00:00+01:00;968
uniqueUserZone;OWM Zona9;2020-02-26 00:00:00+01:00;367
uniqueUserZone;OWM Zona8;2020-02-26 00:00:00+01:00;417
uniqueUserZone;OWM Zona7;2020-02-26 00:00:00+01:00;430
uniqueUserZone;OWM Zona6;2020-02-26 00:00:00+01:00;664
uniqueUserZone;OWM Zona5;2020-02-26 00:00:00+01:00;276
uniqueUserZone;OWM Zona4;2020-02-26 00:00:00+01:00;409
uniqueUserZone;OWM Zona3;2020-02-26 00:00:00+01:00;579
uniqueUserZone;OWM Zona2;2020-02-26 00:00:00+01:00;358
uniqueUserZone;OWM Zona1;2020-02-26 00:00:00+01:00;956
uniqueUserZone;OWM Zona9;2020-02-25 00:00:00+01:00;353
uniqueUserZone;OWM Zona8;2020-02-25 00:00:00+01:00;419
uniqueUserZone;OWM Zona7;2020-02-25 00:00:00+01:00;453
uniqueUserZone;OWM Zona6;2020-02-25 00:00:00+01:00;668
uniqueUserZone;OWM Zona5;2020-02-25 00:00:00+01:00;298
uniqueUserZone;OWM Zona4;2020-02-25 00:00:00+01:00;399
uniqueUserZone;OWM Zona3;2020-02-25 00:00:00+01:00;556
uniqueUserZone;OWM Zona2;2020-02-25 00:00:00+01:00;380
uniqueUserZone;OWM Zona1;2020-02-25 00:00:00+01:00;1126
uniqueUserZone;OWM Zona9;2020-02-24 00:00:00+01:00;418
uniqueUserZone;OWM Zona8;2020-02-24 00:00:00+01:00;454
uniqueUserZone;OWM Zona7;2020-02-24 00:00:00+01:00;506
uniqueUserZone;OWM Zona6;2020-02-24 00:00:00+01:00;719
uniqueUserZone;OWM Zona5;2020-02-24 00:00:00+01:00;318
uniqueUserZone;OWM Zona4;2020-02-24 00:00:00+01:00;418
uniqueUserZone;OWM Zona3;2020-02-24 00:00:00+01:00;626
uniqueUserZone;OWM Zona2;2020-02-24 00:00:00+01:00;425
uniqueUserZone;OWM Zona1;2020-02-24 00:00:00+01:00;1342
uniqueUserZone;OWM Zona9;2020-02-23 00:00:00+01:00;384
uniqueUserZone;OWM Zona8;2020-02-23 00:00:00+01:00;397
uniqueUserZone;OWM Zona7;2020-02-23 00:00:00+01:00;398
uniqueUserZone;OWM Zona6;2020-02-23 00:00:00+01:00;771
uniqueUserZone;OWM Zona5;2020-02-23 00:00:00+01:00;262
uniqueUserZone;OWM Zona4;2020-02-23 00:00:00+01:00;407
uniqueUserZone;OWM Zona3;2020-02-23 00:00:00+01:00;551
uniqueUserZone;OWM Zona2;2020-02-23 00:00:00+01:00;381
uniqueUserZone;OWM Zona1;2020-02-23 00:00:00+01:00;1544
uniqueUserZone;OWM Zona9;2020-02-22 00:00:00+01:00;446
uniqueUserZone;OWM Zona8;2020-02-22 00:00:00+01:00;507
uniqueUserZone;OWM Zona7;2020-02-22 00:00:00+01:00;492
uniqueUserZone;OWM Zona6;2020-02-22 00:00:00+01:00;963
uniqueUserZone;OWM Zona5;2020-02-22 00:00:00+01:00;355
uniqueUserZone;OWM Zona4;2020-02-22 00:00:00+01:00;476
uniqueUserZone;OWM Zona3;2020-02-22 00:00:00+01:00;703
uniqueUserZone;OWM Zona2;2020-02-22 00:00:00+01:00;474
uniqueUserZone;OWM Zona1;2020-02-22 00:00:00+01:00;1861
uniqueUserZone;OWM Zona9;2020-02-21 00:00:00+01:00;504
uniqueUserZone;OWM Zona8;2020-02-21 00:00:00+01:00;593
uniqueUserZone;OWM Zona7;2020-02-21 00:00:00+01:00;563
uniqueUserZone;OWM Zona6;2020-02-21 00:00:00+01:00;999
uniqueUserZone;OWM Zona5;2020-02-21 00:00:00+01:00;423
uniqueUserZone;OWM Zona4;2020-02-21 00:00:00+01:00;512
uniqueUserZone;OWM Zona3;2020-02-21 00:00:00+01:00;829
uniqueUserZone;OWM Zona2;2020-02-21 00:00:00+01:00;570
uniqueUserZone;OWM Zona1;2020-02-21 00:00:00+01:00;1971
uniqueUserZone;OWM Zona9;2020-02-20 00:00:00+01:00;504
uniqueUserZone;OWM Zona8;2020-02-20 00:00:00+01:00;570
uniqueUserZone;OWM Zona7;2020-02-20 00:00:00+01:00;535
uniqueUserZone;OWM Zona6;2020-02-20 00:00:00+01:00;956
uniqueUserZone;OWM Zona5;2020-02-20 00:00:00+01:00;421
uniqueUserZone;OWM Zona4;2020-02-20 00:00:00+01:00;484
uniqueUserZone;OWM Zona3;2020-02-20 00:00:00+01:00;783
uniqueUserZone;OWM Zona2;2020-02-20 00:00:00+01:00;532
uniqueUserZone;OWM Zona1;2020-02-20 00:00:00+01:00;1891
uniqueUserZone;OWM Zona9;2020-02-19 00:00:00+01:00;227
uniqueUserZone;OWM Zona8;2020-02-19 00:00:00+01:00;251
uniqueUserZone;OWM Zona7;2020-02-19 00:00:00+01:00;298
uniqueUserZone;OWM Zona6;2020-02-19 00:00:00+01:00;496
uniqueUserZone;OWM Zona5;2020-02-19 00:00:00+01:00;181
uniqueUserZone;OWM Zona4;2020-02-19 00:00:00+01:00;273
uniqueUserZone;OWM Zona3;2020-02-19 00:00:00+01:00;397
uniqueUserZone;OWM Zona2;2020-02-19 00:00:00+01:00;261
uniqueUserZone;OWM Zona1;2020-02-19 00:00:00+01:00;929
uniqueUserZone;OWM Zona9;2020-02-18 00:00:00+01:00;472
uniqueUserZone;OWM Zona8;2020-02-18 00:00:00+01:00;557
uniqueUserZone;OWM Zona7;2020-02-18 00:00:00+01:00;547
uniqueUserZone;OWM Zona6;2020-02-18 00:00:00+01:00;959
uniqueUserZone;OWM Zona5;2020-02-18 00:00:00+01:00;443
uniqueUserZone;OWM Zona4;2020-02-18 00:00:00+01:00;495
uniqueUserZone;OWM Zona3;2020-02-18 00:00:00+01:00;783
uniqueUserZone;OWM Zona2;2020-02-18 00:00:00+01:00;513
uniqueUserZone;OWM Zona1;2020-02-18 00:00:00+01:00;1862
uniqueUserZone;OWM Zona9;2020-02-17 00:00:00+01:00;441
uniqueUserZone;OWM Zona8;2020-02-17 00:00:00+01:00;506
uniqueUserZone;OWM Zona7;2020-02-17 00:00:00+01:00;495
uniqueUserZone;OWM Zona6;2020-02-17 00:00:00+01:00;804
uniqueUserZone;OWM Zona5;2020-02-17 00:00:00+01:00;343
uniqueUserZone;OWM Zona4;2020-02-17 00:00:00+01:00;486
uniqueUserZone;OWM Zona3;2020-02-17 00:00:00+01:00;707
uniqueUserZone;OWM Zona2;2020-02-17 00:00:00+01:00;468
uniqueUserZone;OWM Zona1;2020-02-17 00:00:00+01:00;1476
uniqueUserZone;OWM Zona9;2020-02-16 00:00:00+01:00;331
uniqueUserZone;OWM Zona8;2020-02-16 00:00:00+01:00;384
uniqueUserZone;OWM Zona7;2020-02-16 00:00:00+01:00;437
uniqueUserZone;OWM Zona6;2020-02-16 00:00:00+01:00;866
uniqueUserZone;OWM Zona5;2020-02-16 00:00:00+01:00;301
uniqueUserZone;OWM Zona4;2020-02-16 00:00:00+01:00;410
uniqueUserZone;OWM Zona3;2020-02-16 00:00:00+01:00;585
uniqueUserZone;OWM Zona2;2020-02-16 00:00:00+01:00;405
uniqueUserZone;OWM Zona1;2020-02-16 00:00:00+01:00;1722
uniqueUserZone;OWM Zona9;2020-02-15 00:00:00+01:00;392
uniqueUserZone;OWM Zona8;2020-02-15 00:00:00+01:00;488
uniqueUserZone;OWM Zona7;2020-02-15 00:00:00+01:00;485
uniqueUserZone;OWM Zona6;2020-02-15 00:00:00+01:00;937
uniqueUserZone;OWM Zona5;2020-02-15 00:00:00+01:00;346
uniqueUserZone;OWM Zona4;2020-02-15 00:00:00+01:00;476
uniqueUserZone;OWM Zona3;2020-02-15 00:00:00+01:00;704
uniqueUserZone;OWM Zona2;2020-02-15 00:00:00+01:00;473
uniqueUserZone;OWM Zona1;2020-02-15 00:00:00+01:00;2050
uniqueUserZone;OWM Zona9;2020-02-14 00:00:00+01:00;524
uniqueUserZone;OWM Zona8;2020-02-14 00:00:00+01:00;596
uniqueUserZone;OWM Zona7;2020-02-14 00:00:00+01:00;597
uniqueUserZone;OWM Zona6;2020-02-14 00:00:00+01:00;1052
uniqueUserZone;OWM Zona5;2020-02-14 00:00:00+01:00;451
uniqueUserZone;OWM Zona4;2020-02-14 00:00:00+01:00;523
uniqueUserZone;OWM Zona3;2020-02-14 00:00:00+01:00;787
uniqueUserZone;OWM Zona2;2020-02-14 00:00:00+01:00;589
uniqueUserZone;OWM Zona1;2020-02-14 00:00:00+01:00;2338
uniqueUserZone;OWM Zona9;2020-02-13 00:00:00+01:00;477
uniqueUserZone;OWM Zona8;2020-02-13 00:00:00+01:00;613
uniqueUserZone;OWM Zona7;2020-02-13 00:00:00+01:00;576
uniqueUserZone;OWM Zona6;2020-02-13 00:00:00+01:00;952
uniqueUserZone;OWM Zona5;2020-02-13 00:00:00+01:00;435
uniqueUserZone;OWM Zona4;2020-02-13 00:00:00+01:00;554
uniqueUserZone;OWM Zona3;2020-02-13 00:00:00+01:00;821
uniqueUserZone;OWM Zona2;2020-02-13 00:00:00+01:00;503
uniqueUserZone;OWM Zona1;2020-02-13 00:00:00+01:00;2078
uniqueUserZone;OWM Zona9;2020-02-12 00:00:00+01:00;450
uniqueUserZone;OWM Zona8;2020-02-12 00:00:00+01:00;560
uniqueUserZone;OWM Zona7;2020-02-12 00:00:00+01:00;511
uniqueUserZone;OWM Zona6;2020-02-12 00:00:00+01:00;951
uniqueUserZone;OWM Zona5;2020-02-12 00:00:00+01:00;423
uniqueUserZone;OWM Zona4;2020-02-12 00:00:00+01:00;506
uniqueUserZone;OWM Zona3;2020-02-12 00:00:00+01:00;775
uniqueUserZone;OWM Zona2;2020-02-12 00:00:00+01:00;498
uniqueUserZone;OWM Zona1;2020-02-12 00:00:00+01:00;1957
uniqueUserZone;OWM Zona9;2020-02-11 00:00:00+01:00;476
uniqueUserZone;OWM Zona8;2020-02-11 00:00:00+01:00;568
uniqueUserZone;OWM Zona7;2020-02-11 00:00:00+01:00;513
uniqueUserZone;OWM Zona6;2020-02-11 00:00:00+01:00;923
uniqueUserZone;OWM Zona5;2020-02-11 00:00:00+01:00;442
uniqueUserZone;OWM Zona4;2020-02-11 00:00:00+01:00;519
uniqueUserZone;OWM Zona3;2020-02-11 00:00:00+01:00;803
uniqueUserZone;OWM Zona2;2020-02-11 00:00:00+01:00;549
uniqueUserZone;OWM Zona1;2020-02-11 00:00:00+01:00;1907
uniqueUserZone;OWM Zona9;2020-02-10 00:00:00+01:00;412
uniqueUserZone;OWM Zona8;2020-02-10 00:00:00+01:00;505
uniqueUserZone;OWM Zona7;2020-02-10 00:00:00+01:00;514
uniqueUserZone;OWM Zona6;2020-02-10 00:00:00+01:00;818
uniqueUserZone;OWM Zona5;2020-02-10 00:00:00+01:00;421
uniqueUserZone;OWM Zona4;2020-02-10 00:00:00+01:00;509
uniqueUserZone;OWM Zona3;2020-02-10 00:00:00+01:00;679
uniqueUserZone;OWM Zona2;2020-02-10 00:00:00+01:00;462
uniqueUserZone;OWM Zona1;2020-02-10 00:00:00+01:00;1709
uniqueUserZone;OWM Zona9;2020-02-09 00:00:00+01:00;282
uniqueUserZone;OWM Zona8;2020-02-09 00:00:00+01:00;339
uniqueUserZone;OWM Zona7;2020-02-09 00:00:00+01:00;354
uniqueUserZone;OWM Zona6;2020-02-09 00:00:00+01:00;615
uniqueUserZone;OWM Zona5;2020-02-09 00:00:00+01:00;290
uniqueUserZone;OWM Zona4;2020-02-09 00:00:00+01:00;398
uniqueUserZone;OWM Zona3;2020-02-09 00:00:00+01:00;522
uniqueUserZone;OWM Zona2;2020-02-09 00:00:00+01:00;314
uniqueUserZone;OWM Zona1;2020-02-09 00:00:00+01:00;1374
uniqueUserZone;OWM Zona9;2020-02-08 00:00:00+01:00;176
uniqueUserZone;OWM Zona8;2020-02-08 00:00:00+01:00;220
uniqueUserZone;OWM Zona7;2020-02-08 00:00:00+01:00;204
uniqueUserZone;OWM Zona6;2020-02-08 00:00:00+01:00;527
uniqueUserZone;OWM Zona5;2020-02-08 00:00:00+01:00;236
uniqueUserZone;OWM Zona4;2020-02-08 00:00:00+01:00;405
uniqueUserZone;OWM Zona3;2020-02-08 00:00:00+01:00;610
uniqueUserZone;OWM Zona2;2020-02-08 00:00:00+01:00;466
uniqueUserZone;OWM Zona1;2020-02-08 00:00:00+01:00;1309
uniqueUserZone;OWM Zona9;2020-02-07 00:00:00+01:00;457
uniqueUserZone;OWM Zona8;2020-02-07 00:00:00+01:00;494
uniqueUserZone;OWM Zona7;2020-02-07 00:00:00+01:00;547
uniqueUserZone;OWM Zona6;2020-02-07 00:00:00+01:00;770
uniqueUserZone;OWM Zona5;2020-02-07 00:00:00+01:00;377
uniqueUserZone;OWM Zona4;2020-02-07 00:00:00+01:00;478
uniqueUserZone;OWM Zona3;2020-02-07 00:00:00+01:00;676
uniqueUserZone;OWM Zona2;2020-02-07 00:00:00+01:00;452
uniqueUserZone;OWM Zona1;2020-02-07 00:00:00+01:00;1721
uniqueUserZone;OWM Zona9;2020-02-06 00:00:00+01:00;491
uniqueUserZone;OWM Zona8;2020-02-06 00:00:00+01:00;561
uniqueUserZone;OWM Zona7;2020-02-06 00:00:00+01:00;514
uniqueUserZone;OWM Zona6;2020-02-06 00:00:00+01:00;899
uniqueUserZone;OWM Zona5;2020-02-06 00:00:00+01:00;431
uniqueUserZone;OWM Zona4;2020-02-06 00:00:00+01:00;563
uniqueUserZone;OWM Zona3;2020-02-06 00:00:00+01:00;765
uniqueUserZone;OWM Zona2;2020-02-06 00:00:00+01:00;513
uniqueUserZone;OWM Zona1;2020-02-06 00:00:00+01:00;1827
uniqueUserZone;OWM Zona9;2020-02-05 00:00:00+01:00;446
uniqueUserZone;OWM Zona8;2020-02-05 00:00:00+01:00;493
uniqueUserZone;OWM Zona7;2020-02-05 00:00:00+01:00;497
uniqueUserZone;OWM Zona6;2020-02-05 00:00:00+01:00;818
uniqueUserZone;OWM Zona5;2020-02-05 00:00:00+01:00;376
uniqueUserZone;OWM Zona4;2020-02-05 00:00:00+01:00;513
uniqueUserZone;OWM Zona3;2020-02-05 00:00:00+01:00;704
uniqueUserZone;OWM Zona2;2020-02-05 00:00:00+01:00;489
uniqueUserZone;OWM Zona1;2020-02-05 00:00:00+01:00;1573
uniqueUserZone;OWM Zona9;2020-02-04 00:00:00+01:00;573
uniqueUserZone;OWM Zona8;2020-02-04 00:00:00+01:00;532
uniqueUserZone;OWM Zona7;2020-02-04 00:00:00+01:00;541
uniqueUserZone;OWM Zona6;2020-02-04 00:00:00+01:00;826
uniqueUserZone;OWM Zona5;2020-02-04 00:00:00+01:00;412
uniqueUserZone;OWM Zona4;2020-02-04 00:00:00+01:00;514
uniqueUserZone;OWM Zona3;2020-02-04 00:00:00+01:00;721
uniqueUserZone;OWM Zona2;2020-02-04 00:00:00+01:00;556
uniqueUserZone;OWM Zona1;2020-02-04 00:00:00+01:00;1695
uniqueUserZone;OWM Zona9;2020-02-03 00:00:00+01:00;576
uniqueUserZone;OWM Zona8;2020-02-03 00:00:00+01:00;540
uniqueUserZone;OWM Zona7;2020-02-03 00:00:00+01:00;564
uniqueUserZone;OWM Zona6;2020-02-03 00:00:00+01:00;857
uniqueUserZone;OWM Zona5;2020-02-03 00:00:00+01:00;433
uniqueUserZone;OWM Zona4;2020-02-03 00:00:00+01:00;509
uniqueUserZone;OWM Zona3;2020-02-03 00:00:00+01:00;719
uniqueUserZone;OWM Zona2;2020-02-03 00:00:00+01:00;549
uniqueUserZone;OWM Zona1;2020-02-03 00:00:00+01:00;1789
uniqueUserZone;OWM Zona9;2020-02-02 00:00:00+01:00;418
uniqueUserZone;OWM Zona8;2020-02-02 00:00:00+01:00;394
uniqueUserZone;OWM Zona7;2020-02-02 00:00:00+01:00;420
uniqueUserZone;OWM Zona6;2020-02-02 00:00:00+01:00;722
uniqueUserZone;OWM Zona5;2020-02-02 00:00:00+01:00;325
uniqueUserZone;OWM Zona4;2020-02-02 00:00:00+01:00;423
uniqueUserZone;OWM Zona3;2020-02-02 00:00:00+01:00;536
uniqueUserZone;OWM Zona2;2020-02-02 00:00:00+01:00;431
uniqueUserZone;OWM Zona1;2020-02-02 00:00:00+01:00;1770
uniqueUserZone;OWM Zona9;2020-02-01 00:00:00+01:00;514
uniqueUserZone;OWM Zona8;2020-02-01 00:00:00+01:00;482
uniqueUserZone;OWM Zona7;2020-02-01 00:00:00+01:00;481
uniqueUserZone;OWM Zona6;2020-02-01 00:00:00+01:00;797
uniqueUserZone;OWM Zona5;2020-02-01 00:00:00+01:00;385
uniqueUserZone;OWM Zona4;2020-02-01 00:00:00+01:00;487
uniqueUserZone;OWM Zona3;2020-02-01 00:00:00+01:00;617
uniqueUserZone;OWM Zona2;2020-02-01 00:00:00+01:00;483
uniqueUserZone;OWM Zona1;2020-02-01 00:00:00+01:00;1752
uniqueUserZone;OWM Zona9;2020-01-31 00:00:00+01:00;599
uniqueUserZone;OWM Zona8;2020-01-31 00:00:00+01:00;580
uniqueUserZone;OWM Zona7;2020-01-31 00:00:00+01:00;582
uniqueUserZone;OWM Zona6;2020-01-31 00:00:00+01:00;924
uniqueUserZone;OWM Zona5;2020-01-31 00:00:00+01:00;506
uniqueUserZone;OWM Zona4;2020-01-31 00:00:00+01:00;575
uniqueUserZone;OWM Zona3;2020-01-31 00:00:00+01:00;721
uniqueUserZone;OWM Zona2;2020-01-31 00:00:00+01:00;543
uniqueUserZone;OWM Zona1;2020-01-31 00:00:00+01:00;2004
uniqueUserZone;OWM Zona9;2020-01-30 00:00:00+01:00;574
uniqueUserZone;OWM Zona8;2020-01-30 00:00:00+01:00;548
uniqueUserZone;OWM Zona7;2020-01-30 00:00:00+01:00;542
uniqueUserZone;OWM Zona6;2020-01-30 00:00:00+01:00;898
uniqueUserZone;OWM Zona5;2020-01-30 00:00:00+01:00;466
uniqueUserZone;OWM Zona4;2020-01-30 00:00:00+01:00;564
uniqueUserZone;OWM Zona3;2020-01-30 00:00:00+01:00;765
uniqueUserZone;OWM Zona2;2020-01-30 00:00:00+01:00;528
uniqueUserZone;OWM Zona1;2020-01-30 00:00:00+01:00;1799
uniqueUserZone;OWM Zona9;2020-01-29 00:00:00+01:00;551
uniqueUserZone;OWM Zona8;2020-01-29 00:00:00+01:00;559
uniqueUserZone;OWM Zona7;2020-01-29 00:00:00+01:00;547
uniqueUserZone;OWM Zona6;2020-01-29 00:00:00+01:00;823
uniqueUserZone;OWM Zona5;2020-01-29 00:00:00+01:00;490
uniqueUserZone;OWM Zona4;2020-01-29 00:00:00+01:00;525
uniqueUserZone;OWM Zona3;2020-01-29 00:00:00+01:00;734
uniqueUserZone;OWM Zona2;2020-01-29 00:00:00+01:00;520
uniqueUserZone;OWM Zona1;2020-01-29 00:00:00+01:00;1832
uniqueUserZone;OWM Zona9;2020-01-28 00:00:00+01:00;538
uniqueUserZone;OWM Zona8;2020-01-28 00:00:00+01:00;516
uniqueUserZone;OWM Zona7;2020-01-28 00:00:00+01:00;543
uniqueUserZone;OWM Zona6;2020-01-28 00:00:00+01:00;815
uniqueUserZone;OWM Zona5;2020-01-28 00:00:00+01:00;466
uniqueUserZone;OWM Zona4;2020-01-28 00:00:00+01:00;522
uniqueUserZone;OWM Zona3;2020-01-28 00:00:00+01:00;691
uniqueUserZone;OWM Zona2;2020-01-28 00:00:00+01:00;501
uniqueUserZone;OWM Zona1;2020-01-28 00:00:00+01:00;1638
uniqueUserZone;OWM Zona9;2020-01-27 00:00:00+01:00;531
uniqueUserZone;OWM Zona8;2020-01-27 00:00:00+01:00;482
uniqueUserZone;OWM Zona7;2020-01-27 00:00:00+01:00;517
uniqueUserZone;OWM Zona6;2020-01-27 00:00:00+01:00;769
uniqueUserZone;OWM Zona5;2020-01-27 00:00:00+01:00;413
uniqueUserZone;OWM Zona4;2020-01-27 00:00:00+01:00;521
uniqueUserZone;OWM Zona3;2020-01-27 00:00:00+01:00;667
uniqueUserZone;OWM Zona2;2020-01-27 00:00:00+01:00;525
uniqueUserZone;OWM Zona1;2020-01-27 00:00:00+01:00;1691
uniqueUserZone;OWM Zona9;2020-01-26 00:00:00+01:00;390
uniqueUserZone;OWM Zona8;2020-01-26 00:00:00+01:00;332
uniqueUserZone;OWM Zona7;2020-01-26 00:00:00+01:00;409
uniqueUserZone;OWM Zona6;2020-01-26 00:00:00+01:00;723
uniqueUserZone;OWM Zona5;2020-01-26 00:00:00+01:00;230
uniqueUserZone;OWM Zona4;2020-01-26 00:00:00+01:00;420
uniqueUserZone;OWM Zona3;2020-01-26 00:00:00+01:00;475
uniqueUserZone;OWM Zona2;2020-01-26 00:00:00+01:00;396
uniqueUserZone;OWM Zona1;2020-01-26 00:00:00+01:00;1533
uniqueUserZone;OWM Zona9;2020-01-25 00:00:00+01:00;454
uniqueUserZone;OWM Zona8;2020-01-25 00:00:00+01:00;439
uniqueUserZone;OWM Zona7;2020-01-25 00:00:00+01:00;442
uniqueUserZone;OWM Zona6;2020-01-25 00:00:00+01:00;746
uniqueUserZone;OWM Zona5;2020-01-25 00:00:00+01:00;313
uniqueUserZone;OWM Zona4;2020-01-25 00:00:00+01:00;448
uniqueUserZone;OWM Zona3;2020-01-25 00:00:00+01:00;569
uniqueUserZone;OWM Zona2;2020-01-25 00:00:00+01:00;423
uniqueUserZone;OWM Zona1;2020-01-25 00:00:00+01:00;1695
uniqueUserZone;OWM Zona9;2020-01-24 00:00:00+01:00;548
uniqueUserZone;OWM Zona8;2020-01-24 00:00:00+01:00;524
uniqueUserZone;OWM Zona7;2020-01-24 00:00:00+01:00;533
uniqueUserZone;OWM Zona6;2020-01-24 00:00:00+01:00;804
uniqueUserZone;OWM Zona5;2020-01-24 00:00:00+01:00;331
uniqueUserZone;OWM Zona4;2020-01-24 00:00:00+01:00;530
uniqueUserZone;OWM Zona3;2020-01-24 00:00:00+01:00;690
uniqueUserZone;OWM Zona2;2020-01-24 00:00:00+01:00;525
uniqueUserZone;OWM Zona1;2020-01-24 00:00:00+01:00;1805
uniqueUserZone;OWM Zona9;2020-01-23 00:00:00+01:00;539
uniqueUserZone;OWM Zona8;2020-01-23 00:00:00+01:00;494
uniqueUserZone;OWM Zona7;2020-01-23 00:00:00+01:00;507
uniqueUserZone;OWM Zona6;2020-01-23 00:00:00+01:00;794
uniqueUserZone;OWM Zona5;2020-01-23 00:00:00+01:00;267
uniqueUserZone;OWM Zona4;2020-01-23 00:00:00+01:00;530
uniqueUserZone;OWM Zona3;2020-01-23 00:00:00+01:00;698
uniqueUserZone;OWM Zona2;2020-01-23 00:00:00+01:00;507
uniqueUserZone;OWM Zona1;2020-01-23 00:00:00+01:00;1789
uniqueUserZone;OWM Zona9;2020-01-22 00:00:00+01:00;512
uniqueUserZone;OWM Zona8;2020-01-22 00:00:00+01:00;466
uniqueUserZone;OWM Zona7;2020-01-22 00:00:00+01:00;488
uniqueUserZone;OWM Zona6;2020-01-22 00:00:00+01:00;798
uniqueUserZone;OWM Zona5;2020-01-22 00:00:00+01:00;229
uniqueUserZone;OWM Zona4;2020-01-22 00:00:00+01:00;511
uniqueUserZone;OWM Zona3;2020-01-22 00:00:00+01:00;699
uniqueUserZone;OWM Zona2;2020-01-22 00:00:00+01:00;501
uniqueUserZone;OWM Zona1;2020-01-22 00:00:00+01:00;1716
uniqueUserZone;OWM Zona9;2020-01-21 00:00:00+01:00;524
uniqueUserZone;OWM Zona8;2020-01-21 00:00:00+01:00;516
uniqueUserZone;OWM Zona7;2020-01-21 00:00:00+01:00;488
uniqueUserZone;OWM Zona6;2020-01-21 00:00:00+01:00;773
uniqueUserZone;OWM Zona5;2020-01-21 00:00:00+01:00;246
uniqueUserZone;OWM Zona4;2020-01-21 00:00:00+01:00;487
uniqueUserZone;OWM Zona3;2020-01-21 00:00:00+01:00;714
uniqueUserZone;OWM Zona2;2020-01-21 00:00:00+01:00;513
uniqueUserZone;OWM Zona1;2020-01-21 00:00:00+01:00;1715
uniqueUserZone;OWM Zona9;2020-01-20 00:00:00+01:00;475
uniqueUserZone;OWM Zona8;2020-01-20 00:00:00+01:00;511
uniqueUserZone;OWM Zona7;2020-01-20 00:00:00+01:00;504
uniqueUserZone;OWM Zona6;2020-01-20 00:00:00+01:00;769
uniqueUserZone;OWM Zona5;2020-01-20 00:00:00+01:00;255
uniqueUserZone;OWM Zona4;2020-01-20 00:00:00+01:00;508
uniqueUserZone;OWM Zona3;2020-01-20 00:00:00+01:00;693
uniqueUserZone;OWM Zona2;2020-01-20 00:00:00+01:00;500
uniqueUserZone;OWM Zona1;2020-01-20 00:00:00+01:00;1756
uniqueUserZone;OWM Zona9;2020-01-19 00:00:00+01:00;354
uniqueUserZone;OWM Zona8;2020-01-19 00:00:00+01:00;363
uniqueUserZone;OWM Zona7;2020-01-19 00:00:00+01:00;378
uniqueUserZone;OWM Zona6;2020-01-19 00:00:00+01:00;675
uniqueUserZone;OWM Zona5;2020-01-19 00:00:00+01:00;161
uniqueUserZone;OWM Zona4;2020-01-19 00:00:00+01:00;419
uniqueUserZone;OWM Zona3;2020-01-19 00:00:00+01:00;493
uniqueUserZone;OWM Zona2;2020-01-19 00:00:00+01:00;360
uniqueUserZone;OWM Zona1;2020-01-19 00:00:00+01:00;1520
uniqueUserZone;OWM Zona9;2020-01-18 00:00:00+01:00;413
uniqueUserZone;OWM Zona8;2020-01-18 00:00:00+01:00;443
uniqueUserZone;OWM Zona7;2020-01-18 00:00:00+01:00;424
uniqueUserZone;OWM Zona6;2020-01-18 00:00:00+01:00;711
uniqueUserZone;OWM Zona5;2020-01-18 00:00:00+01:00;235
uniqueUserZone;OWM Zona4;2020-01-18 00:00:00+01:00;464
uniqueUserZone;OWM Zona3;2020-01-18 00:00:00+01:00;616
uniqueUserZone;OWM Zona2;2020-01-18 00:00:00+01:00;420
uniqueUserZone;OWM Zona1;2020-01-18 00:00:00+01:00;1791
uniqueUserZone;OWM Zona9;2020-01-17 00:00:00+01:00;549
uniqueUserZone;OWM Zona8;2020-01-17 00:00:00+01:00;559
uniqueUserZone;OWM Zona7;2020-01-17 00:00:00+01:00;513
uniqueUserZone;OWM Zona6;2020-01-17 00:00:00+01:00;773
uniqueUserZone;OWM Zona5;2020-01-17 00:00:00+01:00;236
uniqueUserZone;OWM Zona4;2020-01-17 00:00:00+01:00;526
uniqueUserZone;OWM Zona3;2020-01-17 00:00:00+01:00;742
uniqueUserZone;OWM Zona2;2020-01-17 00:00:00+01:00;482
uniqueUserZone;OWM Zona1;2020-01-17 00:00:00+01:00;1833
uniqueUserZone;OWM Zona9;2020-01-16 00:00:00+01:00;522
uniqueUserZone;OWM Zona8;2020-01-16 00:00:00+01:00;534
uniqueUserZone;OWM Zona7;2020-01-16 00:00:00+01:00;525
uniqueUserZone;OWM Zona6;2020-01-16 00:00:00+01:00;759
uniqueUserZone;OWM Zona5;2020-01-16 00:00:00+01:00;263
uniqueUserZone;OWM Zona4;2020-01-16 00:00:00+01:00;469
uniqueUserZone;OWM Zona3;2020-01-16 00:00:00+01:00;701
uniqueUserZone;OWM Zona2;2020-01-16 00:00:00+01:00;453
uniqueUserZone;OWM Zona1;2020-01-16 00:00:00+01:00;1765
uniqueUserZone;OWM Zona9;2020-01-15 00:00:00+01:00;534
uniqueUserZone;OWM Zona8;2020-01-15 00:00:00+01:00;538
uniqueUserZone;OWM Zona7;2020-01-15 00:00:00+01:00;487
uniqueUserZone;OWM Zona6;2020-01-15 00:00:00+01:00;791
uniqueUserZone;OWM Zona5;2020-01-15 00:00:00+01:00;378
uniqueUserZone;OWM Zona4;2020-01-15 00:00:00+01:00;479
uniqueUserZone;OWM Zona3;2020-01-15 00:00:00+01:00;630
uniqueUserZone;OWM Zona2;2020-01-15 00:00:00+01:00;476
uniqueUserZone;OWM Zona1;2020-01-15 00:00:00+01:00;1529
uniqueUserZone;OWM Zona9;2020-01-14 00:00:00+01:00;504
uniqueUserZone;OWM Zona8;2020-01-14 00:00:00+01:00;499
uniqueUserZone;OWM Zona7;2020-01-14 00:00:00+01:00;501
uniqueUserZone;OWM Zona6;2020-01-14 00:00:00+01:00;732
uniqueUserZone;OWM Zona5;2020-01-14 00:00:00+01:00;460
uniqueUserZone;OWM Zona4;2020-01-14 00:00:00+01:00;515
uniqueUserZone;OWM Zona3;2020-01-14 00:00:00+01:00;697
uniqueUserZone;OWM Zona2;2020-01-14 00:00:00+01:00;494
uniqueUserZone;OWM Zona1;2020-01-14 00:00:00+01:00;1657
uniqueUserZone;OWM Zona9;2020-01-13 00:00:00+01:00;573
uniqueUserZone;OWM Zona8;2020-01-13 00:00:00+01:00;616
uniqueUserZone;OWM Zona7;2020-01-13 00:00:00+01:00;495
uniqueUserZone;OWM Zona6;2020-01-13 00:00:00+01:00;805
uniqueUserZone;OWM Zona5;2020-01-13 00:00:00+01:00;427
uniqueUserZone;OWM Zona4;2020-01-13 00:00:00+01:00;499
uniqueUserZone;OWM Zona3;2020-01-13 00:00:00+01:00;753
uniqueUserZone;OWM Zona2;2020-01-13 00:00:00+01:00;481
uniqueUserZone;OWM Zona1;2020-01-13 00:00:00+01:00;1714
uniqueUserZone;OWM Zona9;2020-01-12 00:00:00+01:00;513
uniqueUserZone;OWM Zona8;2020-01-12 00:00:00+01:00;550
uniqueUserZone;OWM Zona7;2020-01-12 00:00:00+01:00;437
uniqueUserZone;OWM Zona6;2020-01-12 00:00:00+01:00;806
uniqueUserZone;OWM Zona5;2020-01-12 00:00:00+01:00;339
uniqueUserZone;OWM Zona4;2020-01-12 00:00:00+01:00;390
uniqueUserZone;OWM Zona3;2020-01-12 00:00:00+01:00;615
uniqueUserZone;OWM Zona2;2020-01-12 00:00:00+01:00;471
uniqueUserZone;OWM Zona1;2020-01-12 00:00:00+01:00;1709
uniqueUserZone;OWM Zona9;2020-01-11 00:00:00+01:00;572
uniqueUserZone;OWM Zona8;2020-01-11 00:00:00+01:00;637
uniqueUserZone;OWM Zona7;2020-01-11 00:00:00+01:00;539
uniqueUserZone;OWM Zona6;2020-01-11 00:00:00+01:00;928
uniqueUserZone;OWM Zona5;2020-01-11 00:00:00+01:00;374
uniqueUserZone;OWM Zona4;2020-01-11 00:00:00+01:00;426
uniqueUserZone;OWM Zona3;2020-01-11 00:00:00+01:00;793
uniqueUserZone;OWM Zona2;2020-01-11 00:00:00+01:00;558
uniqueUserZone;OWM Zona1;2020-01-11 00:00:00+01:00;1968
uniqueUserZone;OWM Zona9;2020-01-10 00:00:00+01:00;701
uniqueUserZone;OWM Zona8;2020-01-10 00:00:00+01:00;734
uniqueUserZone;OWM Zona7;2020-01-10 00:00:00+01:00;580
uniqueUserZone;OWM Zona6;2020-01-10 00:00:00+01:00;928
uniqueUserZone;OWM Zona5;2020-01-10 00:00:00+01:00;433
uniqueUserZone;OWM Zona4;2020-01-10 00:00:00+01:00;523
uniqueUserZone;OWM Zona3;2020-01-10 00:00:00+01:00;990
uniqueUserZone;OWM Zona2;2020-01-10 00:00:00+01:00;673
uniqueUserZone;OWM Zona1;2020-01-10 00:00:00+01:00;1826
uniqueUserZone;OWM Zona9;2020-01-09 00:00:00+01:00;631
uniqueUserZone;OWM Zona8;2020-01-09 00:00:00+01:00;711
uniqueUserZone;OWM Zona7;2020-01-09 00:00:00+01:00;541
uniqueUserZone;OWM Zona6;2020-01-09 00:00:00+01:00;839
uniqueUserZone;OWM Zona5;2020-01-09 00:00:00+01:00;390
uniqueUserZone;OWM Zona4;2020-01-09 00:00:00+01:00;480
uniqueUserZone;OWM Zona3;2020-01-09 00:00:00+01:00;1140
uniqueUserZone;OWM Zona2;2020-01-09 00:00:00+01:00;673
uniqueUserZone;OWM Zona1;2020-01-09 00:00:00+01:00;1732
uniqueUserZone;OWM Zona9;2020-01-08 00:00:00+01:00;438
uniqueUserZone;OWM Zona8;2020-01-08 00:00:00+01:00;494
uniqueUserZone;OWM Zona7;2020-01-08 00:00:00+01:00;362
uniqueUserZone;OWM Zona6;2020-01-08 00:00:00+01:00;630
uniqueUserZone;OWM Zona5;2020-01-08 00:00:00+01:00;266
uniqueUserZone;OWM Zona4;2020-01-08 00:00:00+01:00;359
uniqueUserZone;OWM Zona3;2020-01-08 00:00:00+01:00;861
uniqueUserZone;OWM Zona2;2020-01-08 00:00:00+01:00;514
uniqueUserZone;OWM Zona1;2020-01-08 00:00:00+01:00;1184
uniqueUserZone;OWM Zona9;2020-01-07 00:00:00+01:00;255
uniqueUserZone;OWM Zona8;2020-01-07 00:00:00+01:00;231
uniqueUserZone;OWM Zona7;2020-01-07 00:00:00+01:00;191
uniqueUserZone;OWM Zona6;2020-01-07 00:00:00+01:00;271
uniqueUserZone;OWM Zona5;2020-01-07 00:00:00+01:00;144
uniqueUserZone;OWM Zona4;2020-01-07 00:00:00+01:00;179
uniqueUserZone;OWM Zona3;2020-01-07 00:00:00+01:00;363
uniqueUserZone;OWM Zona2;2020-01-07 00:00:00+01:00;234
uniqueUserZone;OWM Zona1;2020-01-07 00:00:00+01:00;370
uniqueUserZone;OWM Zona9;2020-01-06 00:00:00+01:00;444
uniqueUserZone;OWM Zona8;2020-01-06 00:00:00+01:00;491
uniqueUserZone;OWM Zona7;2020-01-06 00:00:00+01:00;396
uniqueUserZone;OWM Zona6;2020-01-06 00:00:00+01:00;607
uniqueUserZone;OWM Zona5;2020-01-06 00:00:00+01:00;263
uniqueUserZone;OWM Zona4;2020-01-06 00:00:00+01:00;344
uniqueUserZone;OWM Zona3;2020-01-06 00:00:00+01:00;780
uniqueUserZone;OWM Zona2;2020-01-06 00:00:00+01:00;523
uniqueUserZone;OWM Zona1;2020-01-06 00:00:00+01:00;1291
uniqueUserZone;OWM Zona9;2020-01-05 00:00:00+01:00;474
uniqueUserZone;OWM Zona8;2020-01-05 00:00:00+01:00;543
uniqueUserZone;OWM Zona7;2020-01-05 00:00:00+01:00;373
uniqueUserZone;OWM Zona6;2020-01-05 00:00:00+01:00;722
uniqueUserZone;OWM Zona5;2020-01-05 00:00:00+01:00;304
uniqueUserZone;OWM Zona4;2020-01-05 00:00:00+01:00;377
uniqueUserZone;OWM Zona3;2020-01-05 00:00:00+01:00;860
uniqueUserZone;OWM Zona2;2020-01-05 00:00:00+01:00;550
uniqueUserZone;OWM Zona1;2020-01-05 00:00:00+01:00;1763
uniqueUserZone;OWM Zona9;2020-01-04 00:00:00+01:00;482
uniqueUserZone;OWM Zona8;2020-01-04 00:00:00+01:00;522
uniqueUserZone;OWM Zona7;2020-01-04 00:00:00+01:00;396
uniqueUserZone;OWM Zona6;2020-01-04 00:00:00+01:00;758
uniqueUserZone;OWM Zona5;2020-01-04 00:00:00+01:00;307
uniqueUserZone;OWM Zona4;2020-01-04 00:00:00+01:00;379
uniqueUserZone;OWM Zona3;2020-01-04 00:00:00+01:00;932
uniqueUserZone;OWM Zona2;2020-01-04 00:00:00+01:00;580
uniqueUserZone;OWM Zona1;2020-01-04 00:00:00+01:00;1845
uniqueUserZone;OWM Zona9;2020-01-03 00:00:00+01:00;513
uniqueUserZone;OWM Zona8;2020-01-03 00:00:00+01:00;633
uniqueUserZone;OWM Zona7;2020-01-03 00:00:00+01:00;422
uniqueUserZone;OWM Zona6;2020-01-03 00:00:00+01:00;755
uniqueUserZone;OWM Zona5;2020-01-03 00:00:00+01:00;322
uniqueUserZone;OWM Zona4;2020-01-03 00:00:00+01:00;381
uniqueUserZone;OWM Zona3;2020-01-03 00:00:00+01:00;947
uniqueUserZone;OWM Zona2;2020-01-03 00:00:00+01:00;591
uniqueUserZone;OWM Zona1;2020-01-03 00:00:00+01:00;1815
uniqueUserZone;OWM Zona9;2020-01-02 00:00:00+01:00;477
uniqueUserZone;OWM Zona8;2020-01-02 00:00:00+01:00;642
uniqueUserZone;OWM Zona7;2020-01-02 00:00:00+01:00;405
uniqueUserZone;OWM Zona6;2020-01-02 00:00:00+01:00;747
uniqueUserZone;OWM Zona5;2020-01-02 00:00:00+01:00;311
uniqueUserZone;OWM Zona4;2020-01-02 00:00:00+01:00;357
uniqueUserZone;OWM Zona3;2020-01-02 00:00:00+01:00;890
uniqueUserZone;OWM Zona2;2020-01-02 00:00:00+01:00;612
uniqueUserZone;OWM Zona1;2020-01-02 00:00:00+01:00;2029
uniqueUserZone;OWM Zona9;2020-01-01 00:00:00+01:00;444
uniqueUserZone;OWM Zona8;2020-01-01 00:00:00+01:00;492
uniqueUserZone;OWM Zona7;2020-01-01 00:00:00+01:00;304
uniqueUserZone;OWM Zona6;2020-01-01 00:00:00+01:00;848
uniqueUserZone;OWM Zona5;2020-01-01 00:00:00+01:00;216
uniqueUserZone;OWM Zona4;2020-01-01 00:00:00+01:00;300
uniqueUserZone;OWM Zona3;2020-01-01 00:00:00+01:00;799
uniqueUserZone;OWM Zona2;2020-01-01 00:00:00+01:00;593
uniqueUserZone;OWM Zona1;2020-01-01 00:00:00+01:00;2353
uniqueUserZone;OWM Zona9;2019-12-31 00:00:00+01:00;482
uniqueUserZone;OWM Zona8;2019-12-31 00:00:00+01:00;636
uniqueUserZone;OWM Zona7;2019-12-31 00:00:00+01:00;366
uniqueUserZone;OWM Zona6;2019-12-31 00:00:00+01:00;841
uniqueUserZone;OWM Zona5;2019-12-31 00:00:00+01:00;319
uniqueUserZone;OWM Zona4;2019-12-31 00:00:00+01:00;360
uniqueUserZone;OWM Zona3;2019-12-31 00:00:00+01:00;948
uniqueUserZone;OWM Zona2;2019-12-31 00:00:00+01:00;592
uniqueUserZone;OWM Zona1;2019-12-31 00:00:00+01:00;2753
uniqueUserZone;OWM Zona9;2019-12-30 00:00:00+01:00;274
uniqueUserZone;OWM Zona8;2019-12-30 00:00:00+01:00;322
uniqueUserZone;OWM Zona7;2019-12-30 00:00:00+01:00;247
uniqueUserZone;OWM Zona6;2019-12-30 00:00:00+01:00;470
uniqueUserZone;OWM Zona5;2019-12-30 00:00:00+01:00;189
uniqueUserZone;OWM Zona4;2019-12-30 00:00:00+01:00;217
uniqueUserZone;OWM Zona3;2019-12-30 00:00:00+01:00;509
uniqueUserZone;OWM Zona2;2019-12-30 00:00:00+01:00;281
uniqueUserZone;OWM Zona1;2019-12-30 00:00:00+01:00;1100
uniqueUserZone;OWM Zona9;2019-12-29 00:00:00+01:00;0
uniqueUserZone;OWM Zona8;2019-12-29 00:00:00+01:00;0
uniqueUserZone;OWM Zona7;2019-12-29 00:00:00+01:00;0
uniqueUserZone;OWM Zona6;2019-12-29 00:00:00+01:00;0
uniqueUserZone;OWM Zona5;2019-12-29 00:00:00+01:00;0
uniqueUserZone;OWM Zona4;2019-12-29 00:00:00+01:00;0
uniqueUserZone;OWM Zona3;2019-12-29 00:00:00+01:00;0
uniqueUserZone;OWM Zona2;2019-12-29 00:00:00+01:00;0
uniqueUserZone;OWM Zona1;2019-12-29 00:00:00+01:00;0
uniqueUserZone;OWM Zona9;2019-12-28 00:00:00+01:00;0
uniqueUserZone;OWM Zona8;2019-12-28 00:00:00+01:00;0
uniqueUserZone;OWM Zona7;2019-12-28 00:00:00+01:00;0
uniqueUserZone;OWM Zona6;2019-12-28 00:00:00+01:00;0
uniqueUserZone;OWM Zona5;2019-12-28 00:00:00+01:00;0
uniqueUserZone;OWM Zona4;2019-12-28 00:00:00+01:00;0
uniqueUserZone;OWM Zona3;2019-12-28 00:00:00+01:00;0
uniqueUserZone;OWM Zona2;2019-12-28 00:00:00+01:00;0
uniqueUserZone;OWM Zona1;2019-12-28 00:00:00+01:00;0
uniqueUserZone;OWM Zona9;2019-12-27 00:00:00+01:00;0
uniqueUserZone;OWM Zona8;2019-12-27 00:00:00+01:00;0
uniqueUserZone;OWM Zona7;2019-12-27 00:00:00+01:00;0
uniqueUserZone;OWM Zona6;2019-12-27 00:00:00+01:00;0
uniqueUserZone;OWM Zona5;2019-12-27 00:00:00+01:00;0
uniqueUserZone;OWM Zona4;2019-12-27 00:00:00+01:00;0
uniqueUserZone;OWM Zona3;2019-12-27 00:00:00+01:00;0
uniqueUserZone;OWM Zona2;2019-12-27 00:00:00+01:00;0
uniqueUserZone;OWM Zona1;2019-12-27 00:00:00+01:00;0
uniqueUserZone;OWM Zona9;2019-12-26 00:00:00+01:00;151
uniqueUserZone;OWM Zona8;2019-12-26 00:00:00+01:00;203
uniqueUserZone;OWM Zona7;2019-12-26 00:00:00+01:00;125
uniqueUserZone;OWM Zona6;2019-12-26 00:00:00+01:00;197
uniqueUserZone;OWM Zona5;2019-12-26 00:00:00+01:00;97
uniqueUserZone;OWM Zona4;2019-12-26 00:00:00+01:00;136
uniqueUserZone;OWM Zona3;2019-12-26 00:00:00+01:00;230
uniqueUserZone;OWM Zona2;2019-12-26 00:00:00+01:00;164
uniqueUserZone;OWM Zona1;2019-12-26 00:00:00+01:00;397
uniqueUserZone;OWM Zona9;2019-12-25 00:00:00+01:00;419
uniqueUserZone;OWM Zona8;2019-12-25 00:00:00+01:00;441
uniqueUserZone;OWM Zona7;2019-12-25 00:00:00+01:00;360
uniqueUserZone;OWM Zona6;2019-12-25 00:00:00+01:00;598
uniqueUserZone;OWM Zona5;2019-12-25 00:00:00+01:00;267
uniqueUserZone;OWM Zona4;2019-12-25 00:00:00+01:00;326
uniqueUserZone;OWM Zona3;2019-12-25 00:00:00+01:00;616
uniqueUserZone;OWM Zona2;2019-12-25 00:00:00+01:00;439
uniqueUserZone;OWM Zona1;2019-12-25 00:00:00+01:00;1398
uniqueUserZone;OWM Zona9;2019-12-24 00:00:00+01:00;523
uniqueUserZone;OWM Zona8;2019-12-24 00:00:00+01:00;661
uniqueUserZone;OWM Zona7;2019-12-24 00:00:00+01:00;457
uniqueUserZone;OWM Zona6;2019-12-24 00:00:00+01:00;714
uniqueUserZone;OWM Zona5;2019-12-24 00:00:00+01:00;329
uniqueUserZone;OWM Zona4;2019-12-24 00:00:00+01:00;375
uniqueUserZone;OWM Zona3;2019-12-24 00:00:00+01:00;953
uniqueUserZone;OWM Zona2;2019-12-24 00:00:00+01:00;571
uniqueUserZone;OWM Zona1;2019-12-24 00:00:00+01:00;1808
uniqueUserZone;OWM Zona9;2019-12-23 00:00:00+01:00;549
uniqueUserZone;OWM Zona8;2019-12-23 00:00:00+01:00;748
uniqueUserZone;OWM Zona7;2019-12-23 00:00:00+01:00;498
uniqueUserZone;OWM Zona6;2019-12-23 00:00:00+01:00;855
uniqueUserZone;OWM Zona5;2019-12-23 00:00:00+01:00;367
uniqueUserZone;OWM Zona4;2019-12-23 00:00:00+01:00;415
uniqueUserZone;OWM Zona3;2019-12-23 00:00:00+01:00;1044
uniqueUserZone;OWM Zona2;2019-12-23 00:00:00+01:00;676
uniqueUserZone;OWM Zona1;2019-12-23 00:00:00+01:00;2197
uniqueUserZone;OWM Zona9;2019-12-22 00:00:00+01:00;494
uniqueUserZone;OWM Zona8;2019-12-22 00:00:00+01:00;585
uniqueUserZone;OWM Zona7;2019-12-22 00:00:00+01:00;419
uniqueUserZone;OWM Zona6;2019-12-22 00:00:00+01:00;768
uniqueUserZone;OWM Zona5;2019-12-22 00:00:00+01:00;303
uniqueUserZone;OWM Zona4;2019-12-22 00:00:00+01:00;410
uniqueUserZone;OWM Zona3;2019-12-22 00:00:00+01:00;884
uniqueUserZone;OWM Zona2;2019-12-22 00:00:00+01:00;567
uniqueUserZone;OWM Zona1;2019-12-22 00:00:00+01:00;2012
uniqueUserZone;OWM Zona9;2019-12-21 00:00:00+01:00;511
uniqueUserZone;OWM Zona8;2019-12-21 00:00:00+01:00;648
uniqueUserZone;OWM Zona7;2019-12-21 00:00:00+01:00;435
uniqueUserZone;OWM Zona6;2019-12-21 00:00:00+01:00;829
uniqueUserZone;OWM Zona5;2019-12-21 00:00:00+01:00;355
uniqueUserZone;OWM Zona4;2019-12-21 00:00:00+01:00;434
uniqueUserZone;OWM Zona3;2019-12-21 00:00:00+01:00;961
uniqueUserZone;OWM Zona2;2019-12-21 00:00:00+01:00;599
uniqueUserZone;OWM Zona1;2019-12-21 00:00:00+01:00;1915
uniqueUserZone;OWM Zona9;2019-12-20 00:00:00+01:00;631
uniqueUserZone;OWM Zona8;2019-12-20 00:00:00+01:00;783
uniqueUserZone;OWM Zona7;2019-12-20 00:00:00+01:00;487
uniqueUserZone;OWM Zona6;2019-12-20 00:00:00+01:00;799
uniqueUserZone;OWM Zona5;2019-12-20 00:00:00+01:00;400
uniqueUserZone;OWM Zona4;2019-12-20 00:00:00+01:00;467
uniqueUserZone;OWM Zona3;2019-12-20 00:00:00+01:00;1300
uniqueUserZone;OWM Zona2;2019-12-20 00:00:00+01:00;652
uniqueUserZone;OWM Zona1;2019-12-20 00:00:00+01:00;1622
uniqueUserZone;OWM Zona9;2019-12-19 00:00:00+01:00;655
uniqueUserZone;OWM Zona8;2019-12-19 00:00:00+01:00;774
uniqueUserZone;OWM Zona7;2019-12-19 00:00:00+01:00;565
uniqueUserZone;OWM Zona6;2019-12-19 00:00:00+01:00;875
uniqueUserZone;OWM Zona5;2019-12-19 00:00:00+01:00;428
uniqueUserZone;OWM Zona4;2019-12-19 00:00:00+01:00;488
uniqueUserZone;OWM Zona3;2019-12-19 00:00:00+01:00;1467
uniqueUserZone;OWM Zona2;2019-12-19 00:00:00+01:00;733
uniqueUserZone;OWM Zona1;2019-12-19 00:00:00+01:00;1750
uniqueUserZone;OWM Zona9;2019-12-18 00:00:00+01:00;646
uniqueUserZone;OWM Zona8;2019-12-18 00:00:00+01:00;745
uniqueUserZone;OWM Zona7;2019-12-18 00:00:00+01:00;474
uniqueUserZone;OWM Zona6;2019-12-18 00:00:00+01:00;856
uniqueUserZone;OWM Zona5;2019-12-18 00:00:00+01:00;439
uniqueUserZone;OWM Zona4;2019-12-18 00:00:00+01:00;486
uniqueUserZone;OWM Zona3;2019-12-18 00:00:00+01:00;1446
uniqueUserZone;OWM Zona2;2019-12-18 00:00:00+01:00;708
uniqueUserZone;OWM Zona1;2019-12-18 00:00:00+01:00;1735
uniqueUserZone;OWM Zona9;2019-12-17 00:00:00+01:00;605
uniqueUserZone;OWM Zona8;2019-12-17 00:00:00+01:00;698
uniqueUserZone;OWM Zona7;2019-12-17 00:00:00+01:00;465
uniqueUserZone;OWM Zona6;2019-12-17 00:00:00+01:00;812
uniqueUserZone;OWM Zona5;2019-12-17 00:00:00+01:00;413
uniqueUserZone;OWM Zona4;2019-12-17 00:00:00+01:00;475
uniqueUserZone;OWM Zona3;2019-12-17 00:00:00+01:00;1421
uniqueUserZone;OWM Zona2;2019-12-17 00:00:00+01:00;695
uniqueUserZone;OWM Zona1;2019-12-17 00:00:00+01:00;1496
uniqueUserZone;OWM Zona9;2019-12-16 00:00:00+01:00;598
uniqueUserZone;OWM Zona8;2019-12-16 00:00:00+01:00;702
uniqueUserZone;OWM Zona7;2019-12-16 00:00:00+01:00;505
uniqueUserZone;OWM Zona6;2019-12-16 00:00:00+01:00;839
uniqueUserZone;OWM Zona5;2019-12-16 00:00:00+01:00;432
uniqueUserZone;OWM Zona4;2019-12-16 00:00:00+01:00;445
uniqueUserZone;OWM Zona3;2019-12-16 00:00:00+01:00;1400
uniqueUserZone;OWM Zona2;2019-12-16 00:00:00+01:00;754
uniqueUserZone;OWM Zona1;2019-12-16 00:00:00+01:00;1634
uniqueUserZone;OWM Zona9;2019-12-15 00:00:00+01:00;474
uniqueUserZone;OWM Zona8;2019-12-15 00:00:00+01:00;520
uniqueUserZone;OWM Zona7;2019-12-15 00:00:00+01:00;359
uniqueUserZone;OWM Zona6;2019-12-15 00:00:00+01:00;773
uniqueUserZone;OWM Zona5;2019-12-15 00:00:00+01:00;311
uniqueUserZone;OWM Zona4;2019-12-15 00:00:00+01:00;395
uniqueUserZone;OWM Zona3;2019-12-15 00:00:00+01:00;1060
uniqueUserZone;OWM Zona2;2019-12-15 00:00:00+01:00;590
uniqueUserZone;OWM Zona1;2019-12-15 00:00:00+01:00;1525
uniqueUserZone;OWM Zona9;2019-12-14 00:00:00+01:00;546
uniqueUserZone;OWM Zona8;2019-12-14 00:00:00+01:00;690
uniqueUserZone;OWM Zona7;2019-12-14 00:00:00+01:00;428
uniqueUserZone;OWM Zona6;2019-12-14 00:00:00+01:00;992
uniqueUserZone;OWM Zona5;2019-12-14 00:00:00+01:00;411
uniqueUserZone;OWM Zona4;2019-12-14 00:00:00+01:00;443
uniqueUserZone;OWM Zona3;2019-12-14 00:00:00+01:00;1391
uniqueUserZone;OWM Zona2;2019-12-14 00:00:00+01:00;714
uniqueUserZone;OWM Zona1;2019-12-14 00:00:00+01:00;2043
uniqueUserZone;OWM Zona9;2019-12-13 00:00:00+01:00;640
uniqueUserZone;OWM Zona8;2019-12-13 00:00:00+01:00;743
uniqueUserZone;OWM Zona7;2019-12-13 00:00:00+01:00;478
uniqueUserZone;OWM Zona6;2019-12-13 00:00:00+01:00;907
uniqueUserZone;OWM Zona5;2019-12-13 00:00:00+01:00;442
uniqueUserZone;OWM Zona4;2019-12-13 00:00:00+01:00;479
uniqueUserZone;OWM Zona3;2019-12-13 00:00:00+01:00;1461
uniqueUserZone;OWM Zona2;2019-12-13 00:00:00+01:00;714
uniqueUserZone;OWM Zona1;2019-12-13 00:00:00+01:00;1750
uniqueUserZone;OWM Zona9;2019-12-12 00:00:00+01:00;631
uniqueUserZone;OWM Zona8;2019-12-12 00:00:00+01:00;720
uniqueUserZone;OWM Zona7;2019-12-12 00:00:00+01:00;479
uniqueUserZone;OWM Zona6;2019-12-12 00:00:00+01:00;892
uniqueUserZone;OWM Zona5;2019-12-12 00:00:00+01:00;457
uniqueUserZone;OWM Zona4;2019-12-12 00:00:00+01:00;457
uniqueUserZone;OWM Zona3;2019-12-12 00:00:00+01:00;1501
uniqueUserZone;OWM Zona2;2019-12-12 00:00:00+01:00;738
uniqueUserZone;OWM Zona1;2019-12-12 00:00:00+01:00;1722
uniqueUserZone;OWM Zona9;2019-12-11 00:00:00+01:00;612
uniqueUserZone;OWM Zona8;2019-12-11 00:00:00+01:00;773
uniqueUserZone;OWM Zona7;2019-12-11 00:00:00+01:00;496
uniqueUserZone;OWM Zona6;2019-12-11 00:00:00+01:00;978
uniqueUserZone;OWM Zona5;2019-12-11 00:00:00+01:00;454
uniqueUserZone;OWM Zona4;2019-12-11 00:00:00+01:00;462
uniqueUserZone;OWM Zona3;2019-12-11 00:00:00+01:00;1558
uniqueUserZone;OWM Zona2;2019-12-11 00:00:00+01:00;802
uniqueUserZone;OWM Zona1;2019-12-11 00:00:00+01:00;1898
uniqueUserZone;OWM Zona9;2019-12-10 00:00:00+01:00;608
uniqueUserZone;OWM Zona8;2019-12-10 00:00:00+01:00;785
uniqueUserZone;OWM Zona7;2019-12-10 00:00:00+01:00;558
uniqueUserZone;OWM Zona6;2019-12-10 00:00:00+01:00;895
uniqueUserZone;OWM Zona5;2019-12-10 00:00:00+01:00;441
uniqueUserZone;OWM Zona4;2019-12-10 00:00:00+01:00;457
uniqueUserZone;OWM Zona3;2019-12-10 00:00:00+01:00;1508
uniqueUserZone;OWM Zona2;2019-12-10 00:00:00+01:00;773
uniqueUserZone;OWM Zona1;2019-12-10 00:00:00+01:00;2093
uniqueUserZone;OWM Zona9;2019-12-09 00:00:00+01:00;605
uniqueUserZone;OWM Zona8;2019-12-09 00:00:00+01:00;699
uniqueUserZone;OWM Zona7;2019-12-09 00:00:00+01:00;508
uniqueUserZone;OWM Zona6;2019-12-09 00:00:00+01:00;877
uniqueUserZone;OWM Zona5;2019-12-09 00:00:00+01:00;440
uniqueUserZone;OWM Zona4;2019-12-09 00:00:00+01:00;423
uniqueUserZone;OWM Zona3;2019-12-09 00:00:00+01:00;1485
uniqueUserZone;OWM Zona2;2019-12-09 00:00:00+01:00;698
uniqueUserZone;OWM Zona1;2019-12-09 00:00:00+01:00;1837
uniqueUserZone;OWM Zona9;2019-12-08 00:00:00+01:00;449
uniqueUserZone;OWM Zona8;2019-12-08 00:00:00+01:00;484
uniqueUserZone;OWM Zona7;2019-12-08 00:00:00+01:00;409
uniqueUserZone;OWM Zona6;2019-12-08 00:00:00+01:00;766
uniqueUserZone;OWM Zona5;2019-12-08 00:00:00+01:00;307
uniqueUserZone;OWM Zona4;2019-12-08 00:00:00+01:00;355
uniqueUserZone;OWM Zona3;2019-12-08 00:00:00+01:00;1040
uniqueUserZone;OWM Zona2;2019-12-08 00:00:00+01:00;596
uniqueUserZone;OWM Zona1;2019-12-08 00:00:00+01:00;1897
uniqueUserZone;OWM Zona9;2019-12-07 00:00:00+01:00;479
uniqueUserZone;OWM Zona8;2019-12-07 00:00:00+01:00;539
uniqueUserZone;OWM Zona7;2019-12-07 00:00:00+01:00;390
uniqueUserZone;OWM Zona6;2019-12-07 00:00:00+01:00;882
uniqueUserZone;OWM Zona5;2019-12-07 00:00:00+01:00;349
uniqueUserZone;OWM Zona4;2019-12-07 00:00:00+01:00;378
uniqueUserZone;OWM Zona3;2019-12-07 00:00:00+01:00;1167
uniqueUserZone;OWM Zona2;2019-12-07 00:00:00+01:00;609
uniqueUserZone;OWM Zona1;2019-12-07 00:00:00+01:00;2086
uniqueUserZone;OWM Zona9;2019-12-06 00:00:00+01:00;537
uniqueUserZone;OWM Zona8;2019-12-06 00:00:00+01:00;631
uniqueUserZone;OWM Zona7;2019-12-06 00:00:00+01:00;443
uniqueUserZone;OWM Zona6;2019-12-06 00:00:00+01:00;891
uniqueUserZone;OWM Zona5;2019-12-06 00:00:00+01:00;436
uniqueUserZone;OWM Zona4;2019-12-06 00:00:00+01:00;412
uniqueUserZone;OWM Zona3;2019-12-06 00:00:00+01:00;1448
uniqueUserZone;OWM Zona2;2019-12-06 00:00:00+01:00;689
uniqueUserZone;OWM Zona1;2019-12-06 00:00:00+01:00;2099
uniqueUserZone;OWM Zona9;2019-12-05 00:00:00+01:00;459
uniqueUserZone;OWM Zona8;2019-12-05 00:00:00+01:00;435
uniqueUserZone;OWM Zona7;2019-12-05 00:00:00+01:00;315
uniqueUserZone;OWM Zona6;2019-12-05 00:00:00+01:00;792
uniqueUserZone;OWM Zona5;2019-12-05 00:00:00+01:00;401
uniqueUserZone;OWM Zona4;2019-12-05 00:00:00+01:00;463
uniqueUserZone;OWM Zona3;2019-12-05 00:00:00+01:00;1383
uniqueUserZone;OWM Zona2;2019-12-05 00:00:00+01:00;582
uniqueUserZone;OWM Zona1;2019-12-05 00:00:00+01:00;1578
uniqueUserZone;OWM Zona9;2019-12-04 00:00:00+01:00;543
uniqueUserZone;OWM Zona8;2019-12-04 00:00:00+01:00;427
uniqueUserZone;OWM Zona7;2019-12-04 00:00:00+01:00;314
uniqueUserZone;OWM Zona6;2019-12-04 00:00:00+01:00;797
uniqueUserZone;OWM Zona5;2019-12-04 00:00:00+01:00;378
uniqueUserZone;OWM Zona4;2019-12-04 00:00:00+01:00;438
uniqueUserZone;OWM Zona3;2019-12-04 00:00:00+01:00;1241
uniqueUserZone;OWM Zona2;2019-12-04 00:00:00+01:00;509
uniqueUserZone;OWM Zona1;2019-12-04 00:00:00+01:00;1277
uniqueUserZone;OWM Zona9;2019-12-03 00:00:00+01:00;504
uniqueUserZone;OWM Zona8;2019-12-03 00:00:00+01:00;442
uniqueUserZone;OWM Zona7;2019-12-03 00:00:00+01:00;296
uniqueUserZone;OWM Zona6;2019-12-03 00:00:00+01:00;775
uniqueUserZone;OWM Zona5;2019-12-03 00:00:00+01:00;386
uniqueUserZone;OWM Zona4;2019-12-03 00:00:00+01:00;427
uniqueUserZone;OWM Zona3;2019-12-03 00:00:00+01:00;1298
uniqueUserZone;OWM Zona2;2019-12-03 00:00:00+01:00;499
uniqueUserZone;OWM Zona1;2019-12-03 00:00:00+01:00;1284
uniqueUserZone;OWM Zona9;2019-12-02 00:00:00+01:00;479
uniqueUserZone;OWM Zona8;2019-12-02 00:00:00+01:00;452
uniqueUserZone;OWM Zona7;2019-12-02 00:00:00+01:00;301
uniqueUserZone;OWM Zona6;2019-12-02 00:00:00+01:00;753
uniqueUserZone;OWM Zona5;2019-12-02 00:00:00+01:00;404
uniqueUserZone;OWM Zona4;2019-12-02 00:00:00+01:00;395
uniqueUserZone;OWM Zona3;2019-12-02 00:00:00+01:00;1263
uniqueUserZone;OWM Zona2;2019-12-02 00:00:00+01:00;528
uniqueUserZone;OWM Zona1;2019-12-02 00:00:00+01:00;1336
uniqueUserZone;OWM Zona9;2019-12-01 00:00:00+01:00;323
uniqueUserZone;OWM Zona8;2019-12-01 00:00:00+01:00;297
uniqueUserZone;OWM Zona7;2019-12-01 00:00:00+01:00;255
uniqueUserZone;OWM Zona6;2019-12-01 00:00:00+01:00;558
uniqueUserZone;OWM Zona5;2019-12-01 00:00:00+01:00;248
uniqueUserZone;OWM Zona4;2019-12-01 00:00:00+01:00;324
uniqueUserZone;OWM Zona3;2019-12-01 00:00:00+01:00;831
uniqueUserZone;OWM Zona2;2019-12-01 00:00:00+01:00;359
uniqueUserZone;OWM Zona1;2019-12-01 00:00:00+01:00;1026
uniqueUserZone;OWM Zona9;2019-11-30 00:00:00+01:00;395
uniqueUserZone;OWM Zona8;2019-11-30 00:00:00+01:00;421
uniqueUserZone;OWM Zona7;2019-11-30 00:00:00+01:00;326
uniqueUserZone;OWM Zona6;2019-11-30 00:00:00+01:00;805
uniqueUserZone;OWM Zona5;2019-11-30 00:00:00+01:00;343
uniqueUserZone;OWM Zona4;2019-11-30 00:00:00+01:00;405
uniqueUserZone;OWM Zona3;2019-11-30 00:00:00+01:00;1215
uniqueUserZone;OWM Zona2;2019-11-30 00:00:00+01:00;512
uniqueUserZone;OWM Zona1;2019-11-30 00:00:00+01:00;1538
uniqueUserZone;OWM Zona9;2019-11-29 00:00:00+01:00;326
uniqueUserZone;OWM Zona8;2019-11-29 00:00:00+01:00;324
uniqueUserZone;OWM Zona7;2019-11-29 00:00:00+01:00;216
uniqueUserZone;OWM Zona6;2019-11-29 00:00:00+01:00;750
uniqueUserZone;OWM Zona5;2019-11-29 00:00:00+01:00;386
uniqueUserZone;OWM Zona4;2019-11-29 00:00:00+01:00;447
uniqueUserZone;OWM Zona3;2019-11-29 00:00:00+01:00;1430
uniqueUserZone;OWM Zona2;2019-11-29 00:00:00+01:00;576
uniqueUserZone;OWM Zona1;2019-11-29 00:00:00+01:00;1881
uniqueUserZone;OWM Zona9;2019-11-28 00:00:00+01:00;547
uniqueUserZone;OWM Zona8;2019-11-28 00:00:00+01:00;477
uniqueUserZone;OWM Zona7;2019-11-28 00:00:00+01:00;300
uniqueUserZone;OWM Zona6;2019-11-28 00:00:00+01:00;847
uniqueUserZone;OWM Zona5;2019-11-28 00:00:00+01:00;416
uniqueUserZone;OWM Zona4;2019-11-28 00:00:00+01:00;477
uniqueUserZone;OWM Zona3;2019-11-28 00:00:00+01:00;1392
uniqueUserZone;OWM Zona2;2019-11-28 00:00:00+01:00;578
uniqueUserZone;OWM Zona1;2019-11-28 00:00:00+01:00;1503
uniqueUserZone;OWM Zona9;2019-11-27 00:00:00+01:00;462
uniqueUserZone;OWM Zona8;2019-11-27 00:00:00+01:00;490
uniqueUserZone;OWM Zona7;2019-11-27 00:00:00+01:00;249
uniqueUserZone;OWM Zona6;2019-11-27 00:00:00+01:00;697
uniqueUserZone;OWM Zona5;2019-11-27 00:00:00+01:00;366
uniqueUserZone;OWM Zona4;2019-11-27 00:00:00+01:00;414
uniqueUserZone;OWM Zona3;2019-11-27 00:00:00+01:00;1307
uniqueUserZone;OWM Zona2;2019-11-27 00:00:00+01:00;508
uniqueUserZone;OWM Zona1;2019-11-27 00:00:00+01:00;1255
uniqueUserZone;OWM Zona9;2019-11-26 00:00:00+01:00;544
uniqueUserZone;OWM Zona8;2019-11-26 00:00:00+01:00;533
uniqueUserZone;OWM Zona7;2019-11-26 00:00:00+01:00;278
uniqueUserZone;OWM Zona6;2019-11-26 00:00:00+01:00;858
uniqueUserZone;OWM Zona5;2019-11-26 00:00:00+01:00;363
uniqueUserZone;OWM Zona4;2019-11-26 00:00:00+01:00;422
uniqueUserZone;OWM Zona3;2019-11-26 00:00:00+01:00;1369
uniqueUserZone;OWM Zona2;2019-11-26 00:00:00+01:00;545
uniqueUserZone;OWM Zona1;2019-11-26 00:00:00+01:00;1696
uniqueUserZone;OWM Zona9;2019-11-25 00:00:00+01:00;419
uniqueUserZone;OWM Zona8;2019-11-25 00:00:00+01:00;465
uniqueUserZone;OWM Zona7;2019-11-25 00:00:00+01:00;262
uniqueUserZone;OWM Zona6;2019-11-25 00:00:00+01:00;832
uniqueUserZone;OWM Zona5;2019-11-25 00:00:00+01:00;371
uniqueUserZone;OWM Zona4;2019-11-25 00:00:00+01:00;411
uniqueUserZone;OWM Zona3;2019-11-25 00:00:00+01:00;1363
uniqueUserZone;OWM Zona2;2019-11-25 00:00:00+01:00;603
uniqueUserZone;OWM Zona1;2019-11-25 00:00:00+01:00;1793
uniqueUserZone;OWM Zona9;2019-11-24 00:00:00+01:00;59
uniqueUserZone;OWM Zona8;2019-11-24 00:00:00+01:00;58
uniqueUserZone;OWM Zona7;2019-11-24 00:00:00+01:00;42
uniqueUserZone;OWM Zona6;2019-11-24 00:00:00+01:00;124
uniqueUserZone;OWM Zona5;2019-11-24 00:00:00+01:00;36
uniqueUserZone;OWM Zona4;2019-11-24 00:00:00+01:00;66
uniqueUserZone;OWM Zona3;2019-11-24 00:00:00+01:00;156
uniqueUserZone;OWM Zona2;2019-11-24 00:00:00+01:00;90
uniqueUserZone;OWM Zona1;2019-11-24 00:00:00+01:00;161
uniqueUserZone;OWM Zona9;2019-11-23 00:00:00+01:00;398
uniqueUserZone;OWM Zona8;2019-11-23 00:00:00+01:00;414
uniqueUserZone;OWM Zona7;2019-11-23 00:00:00+01:00;248
uniqueUserZone;OWM Zona6;2019-11-23 00:00:00+01:00;752
uniqueUserZone;OWM Zona5;2019-11-23 00:00:00+01:00;323
uniqueUserZone;OWM Zona4;2019-11-23 00:00:00+01:00;377
uniqueUserZone;OWM Zona3;2019-11-23 00:00:00+01:00;1192
uniqueUserZone;OWM Zona2;2019-11-23 00:00:00+01:00;507
uniqueUserZone;OWM Zona1;2019-11-23 00:00:00+01:00;1438
uniqueUserZone;OWM Zona9;2019-11-22 00:00:00+01:00;499
uniqueUserZone;OWM Zona8;2019-11-22 00:00:00+01:00;499
uniqueUserZone;OWM Zona7;2019-11-22 00:00:00+01:00;318
uniqueUserZone;OWM Zona6;2019-11-22 00:00:00+01:00;846
uniqueUserZone;OWM Zona5;2019-11-22 00:00:00+01:00;401
uniqueUserZone;OWM Zona4;2019-11-22 00:00:00+01:00;438
uniqueUserZone;OWM Zona3;2019-11-22 00:00:00+01:00;1375
uniqueUserZone;OWM Zona2;2019-11-22 00:00:00+01:00;534
uniqueUserZone;OWM Zona1;2019-11-22 00:00:00+01:00;1551
uniqueUserZone;OWM Zona9;2019-11-21 00:00:00+01:00;477
uniqueUserZone;OWM Zona8;2019-11-21 00:00:00+01:00;516
uniqueUserZone;OWM Zona7;2019-11-21 00:00:00+01:00;304
uniqueUserZone;OWM Zona6;2019-11-21 00:00:00+01:00;787
uniqueUserZone;OWM Zona5;2019-11-21 00:00:00+01:00;394
uniqueUserZone;OWM Zona4;2019-11-21 00:00:00+01:00;449
uniqueUserZone;OWM Zona3;2019-11-21 00:00:00+01:00;1340
uniqueUserZone;OWM Zona2;2019-11-21 00:00:00+01:00;501
uniqueUserZone;OWM Zona1;2019-11-21 00:00:00+01:00;1493
uniqueUserZone;OWM Zona9;2019-11-20 00:00:00+01:00;467
uniqueUserZone;OWM Zona8;2019-11-20 00:00:00+01:00;518
uniqueUserZone;OWM Zona7;2019-11-20 00:00:00+01:00;295
uniqueUserZone;OWM Zona6;2019-11-20 00:00:00+01:00;774
uniqueUserZone;OWM Zona5;2019-11-20 00:00:00+01:00;368
uniqueUserZone;OWM Zona4;2019-11-20 00:00:00+01:00;461
uniqueUserZone;OWM Zona3;2019-11-20 00:00:00+01:00;1267
uniqueUserZone;OWM Zona2;2019-11-20 00:00:00+01:00;571
uniqueUserZone;OWM Zona1;2019-11-20 00:00:00+01:00;1489
uniqueUserZone;OWM Zona9;2019-11-19 00:00:00+01:00;431
uniqueUserZone;OWM Zona8;2019-11-19 00:00:00+01:00;431
uniqueUserZone;OWM Zona7;2019-11-19 00:00:00+01:00;246
uniqueUserZone;OWM Zona6;2019-11-19 00:00:00+01:00;643
uniqueUserZone;OWM Zona5;2019-11-19 00:00:00+01:00;315
uniqueUserZone;OWM Zona4;2019-11-19 00:00:00+01:00;384
uniqueUserZone;OWM Zona3;2019-11-19 00:00:00+01:00;1111
uniqueUserZone;OWM Zona2;2019-11-19 00:00:00+01:00;464
uniqueUserZone;OWM Zona1;2019-11-19 00:00:00+01:00;1082
uniqueUserZone;OWM Zona9;2019-11-18 00:00:00+01:00;454
uniqueUserZone;OWM Zona8;2019-11-18 00:00:00+01:00;481
uniqueUserZone;OWM Zona7;2019-11-18 00:00:00+01:00;290
uniqueUserZone;OWM Zona6;2019-11-18 00:00:00+01:00;693
uniqueUserZone;OWM Zona5;2019-11-18 00:00:00+01:00;322
uniqueUserZone;OWM Zona4;2019-11-18 00:00:00+01:00;397
uniqueUserZone;OWM Zona3;2019-11-18 00:00:00+01:00;1168
uniqueUserZone;OWM Zona2;2019-11-18 00:00:00+01:00;558
uniqueUserZone;OWM Zona1;2019-11-18 00:00:00+01:00;1271
uniqueUserZone;OWM Zona9;2019-11-17 00:00:00+01:00;317
uniqueUserZone;OWM Zona8;2019-11-17 00:00:00+01:00;285
uniqueUserZone;OWM Zona7;2019-11-17 00:00:00+01:00;219
uniqueUserZone;OWM Zona6;2019-11-17 00:00:00+01:00;610
uniqueUserZone;OWM Zona5;2019-11-17 00:00:00+01:00;208
uniqueUserZone;OWM Zona4;2019-11-17 00:00:00+01:00;314
uniqueUserZone;OWM Zona3;2019-11-17 00:00:00+01:00;858
uniqueUserZone;OWM Zona2;2019-11-17 00:00:00+01:00;374
uniqueUserZone;OWM Zona1;2019-11-17 00:00:00+01:00;1053
uniqueUserZone;OWM Zona9;2019-11-16 00:00:00+01:00;400
uniqueUserZone;OWM Zona8;2019-11-16 00:00:00+01:00;412
uniqueUserZone;OWM Zona7;2019-11-16 00:00:00+01:00;260
uniqueUserZone;OWM Zona6;2019-11-16 00:00:00+01:00;774
uniqueUserZone;OWM Zona5;2019-11-16 00:00:00+01:00;286
uniqueUserZone;OWM Zona4;2019-11-16 00:00:00+01:00;380
uniqueUserZone;OWM Zona3;2019-11-16 00:00:00+01:00;1095
uniqueUserZone;OWM Zona2;2019-11-16 00:00:00+01:00;493
uniqueUserZone;OWM Zona1;2019-11-16 00:00:00+01:00;1384
uniqueUserZone;OWM Zona9;2019-11-15 00:00:00+01:00;462
uniqueUserZone;OWM Zona8;2019-11-15 00:00:00+01:00;485
uniqueUserZone;OWM Zona7;2019-11-15 00:00:00+01:00;303
uniqueUserZone;OWM Zona6;2019-11-15 00:00:00+01:00;784
uniqueUserZone;OWM Zona5;2019-11-15 00:00:00+01:00;311
uniqueUserZone;OWM Zona4;2019-11-15 00:00:00+01:00;417
uniqueUserZone;OWM Zona3;2019-11-15 00:00:00+01:00;1252
uniqueUserZone;OWM Zona2;2019-11-15 00:00:00+01:00;497
uniqueUserZone;OWM Zona1;2019-11-15 00:00:00+01:00;1369
uniqueUserZone;OWM Zona9;2019-11-14 00:00:00+01:00;490
uniqueUserZone;OWM Zona8;2019-11-14 00:00:00+01:00;508
uniqueUserZone;OWM Zona7;2019-11-14 00:00:00+01:00;296
uniqueUserZone;OWM Zona6;2019-11-14 00:00:00+01:00;693
uniqueUserZone;OWM Zona5;2019-11-14 00:00:00+01:00;304
uniqueUserZone;OWM Zona4;2019-11-14 00:00:00+01:00;411
uniqueUserZone;OWM Zona3;2019-11-14 00:00:00+01:00;1243
uniqueUserZone;OWM Zona2;2019-11-14 00:00:00+01:00;510
uniqueUserZone;OWM Zona1;2019-11-14 00:00:00+01:00;1311
uniqueUserZone;OWM Zona9;2019-11-13 00:00:00+01:00;480
uniqueUserZone;OWM Zona8;2019-11-13 00:00:00+01:00;497
uniqueUserZone;OWM Zona7;2019-11-13 00:00:00+01:00;278
uniqueUserZone;OWM Zona6;2019-11-13 00:00:00+01:00;759
uniqueUserZone;OWM Zona5;2019-11-13 00:00:00+01:00;346
uniqueUserZone;OWM Zona4;2019-11-13 00:00:00+01:00;444
uniqueUserZone;OWM Zona3;2019-11-13 00:00:00+01:00;1253
uniqueUserZone;OWM Zona2;2019-11-13 00:00:00+01:00;524
uniqueUserZone;OWM Zona1;2019-11-13 00:00:00+01:00;1540
uniqueUserZone;OWM Zona9;2019-11-12 00:00:00+01:00;448
uniqueUserZone;OWM Zona8;2019-11-12 00:00:00+01:00;467
uniqueUserZone;OWM Zona7;2019-11-12 00:00:00+01:00;279
uniqueUserZone;OWM Zona6;2019-11-12 00:00:00+01:00;675
uniqueUserZone;OWM Zona5;2019-11-12 00:00:00+01:00;324
uniqueUserZone;OWM Zona4;2019-11-12 00:00:00+01:00;461
uniqueUserZone;OWM Zona3;2019-11-12 00:00:00+01:00;1176
uniqueUserZone;OWM Zona2;2019-11-12 00:00:00+01:00;460
uniqueUserZone;OWM Zona1;2019-11-12 00:00:00+01:00;1352
uniqueUserZone;OWM Zona9;2019-11-11 00:00:00+01:00;393
uniqueUserZone;OWM Zona8;2019-11-11 00:00:00+01:00;497
uniqueUserZone;OWM Zona7;2019-11-11 00:00:00+01:00;266
uniqueUserZone;OWM Zona6;2019-11-11 00:00:00+01:00;665
uniqueUserZone;OWM Zona5;2019-11-11 00:00:00+01:00;325
uniqueUserZone;OWM Zona4;2019-11-11 00:00:00+01:00;512
uniqueUserZone;OWM Zona3;2019-11-11 00:00:00+01:00;1134
uniqueUserZone;OWM Zona2;2019-11-11 00:00:00+01:00;531
uniqueUserZone;OWM Zona1;2019-11-11 00:00:00+01:00;1268
uniqueUserZone;OWM Zona9;2019-11-10 00:00:00+01:00;316
uniqueUserZone;OWM Zona8;2019-11-10 00:00:00+01:00;380
uniqueUserZone;OWM Zona7;2019-11-10 00:00:00+01:00;227
uniqueUserZone;OWM Zona6;2019-11-10 00:00:00+01:00;766
uniqueUserZone;OWM Zona5;2019-11-10 00:00:00+01:00;266
uniqueUserZone;OWM Zona4;2019-11-10 00:00:00+01:00;467
uniqueUserZone;OWM Zona3;2019-11-10 00:00:00+01:00;946
uniqueUserZone;OWM Zona2;2019-11-10 00:00:00+01:00;553
uniqueUserZone;OWM Zona1;2019-11-10 00:00:00+01:00;1655
uniqueUserZone;OWM Zona9;2019-11-09 00:00:00+01:00;363
uniqueUserZone;OWM Zona8;2019-11-09 00:00:00+01:00;456
uniqueUserZone;OWM Zona7;2019-11-09 00:00:00+01:00;265
uniqueUserZone;OWM Zona6;2019-11-09 00:00:00+01:00;855
uniqueUserZone;OWM Zona5;2019-11-09 00:00:00+01:00;303
uniqueUserZone;OWM Zona4;2019-11-09 00:00:00+01:00;552
uniqueUserZone;OWM Zona3;2019-11-09 00:00:00+01:00;1102
uniqueUserZone;OWM Zona2;2019-11-09 00:00:00+01:00;560
uniqueUserZone;OWM Zona1;2019-11-09 00:00:00+01:00;2027
uniqueUserZone;OWM Zona9;2019-11-08 00:00:00+01:00;394
uniqueUserZone;OWM Zona8;2019-11-08 00:00:00+01:00;461
uniqueUserZone;OWM Zona7;2019-11-08 00:00:00+01:00;263
uniqueUserZone;OWM Zona6;2019-11-08 00:00:00+01:00;676
uniqueUserZone;OWM Zona5;2019-11-08 00:00:00+01:00;301
uniqueUserZone;OWM Zona4;2019-11-08 00:00:00+01:00;544
uniqueUserZone;OWM Zona3;2019-11-08 00:00:00+01:00;1158
uniqueUserZone;OWM Zona2;2019-11-08 00:00:00+01:00;508
uniqueUserZone;OWM Zona1;2019-11-08 00:00:00+01:00;1493
uniqueUserZone;OWM Zona9;2019-11-07 00:00:00+01:00;396
uniqueUserZone;OWM Zona8;2019-11-07 00:00:00+01:00;447
uniqueUserZone;OWM Zona7;2019-11-07 00:00:00+01:00;258
uniqueUserZone;OWM Zona6;2019-11-07 00:00:00+01:00;625
uniqueUserZone;OWM Zona5;2019-11-07 00:00:00+01:00;295
uniqueUserZone;OWM Zona4;2019-11-07 00:00:00+01:00;550
uniqueUserZone;OWM Zona3;2019-11-07 00:00:00+01:00;1102
uniqueUserZone;OWM Zona2;2019-11-07 00:00:00+01:00;507
uniqueUserZone;OWM Zona1;2019-11-07 00:00:00+01:00;1304
uniqueUserZone;OWM Zona9;2019-11-06 00:00:00+01:00;352
uniqueUserZone;OWM Zona8;2019-11-06 00:00:00+01:00;352
uniqueUserZone;OWM Zona7;2019-11-06 00:00:00+01:00;223
uniqueUserZone;OWM Zona6;2019-11-06 00:00:00+01:00;550
uniqueUserZone;OWM Zona5;2019-11-06 00:00:00+01:00;269
uniqueUserZone;OWM Zona4;2019-11-06 00:00:00+01:00;454
uniqueUserZone;OWM Zona3;2019-11-06 00:00:00+01:00;929
uniqueUserZone;OWM Zona2;2019-11-06 00:00:00+01:00;408
uniqueUserZone;OWM Zona1;2019-11-06 00:00:00+01:00;1082
uniqueUserZone;OWM Zona9;2019-11-05 00:00:00+01:00;351
uniqueUserZone;OWM Zona8;2019-11-05 00:00:00+01:00;416
uniqueUserZone;OWM Zona7;2019-11-05 00:00:00+01:00;230
uniqueUserZone;OWM Zona6;2019-11-05 00:00:00+01:00;630
uniqueUserZone;OWM Zona5;2019-11-05 00:00:00+01:00;269
uniqueUserZone;OWM Zona4;2019-11-05 00:00:00+01:00;497
uniqueUserZone;OWM Zona3;2019-11-05 00:00:00+01:00;1046
uniqueUserZone;OWM Zona2;2019-11-05 00:00:00+01:00;466
uniqueUserZone;OWM Zona1;2019-11-05 00:00:00+01:00;1186
uniqueUserZone;OWM Zona9;2019-11-04 00:00:00+01:00;301
uniqueUserZone;OWM Zona8;2019-11-04 00:00:00+01:00;360
uniqueUserZone;OWM Zona7;2019-11-04 00:00:00+01:00;229
uniqueUserZone;OWM Zona6;2019-11-04 00:00:00+01:00;565
uniqueUserZone;OWM Zona5;2019-11-04 00:00:00+01:00;264
uniqueUserZone;OWM Zona4;2019-11-04 00:00:00+01:00;479
uniqueUserZone;OWM Zona3;2019-11-04 00:00:00+01:00;948
uniqueUserZone;OWM Zona2;2019-11-04 00:00:00+01:00;535
uniqueUserZone;OWM Zona1;2019-11-04 00:00:00+01:00;1183
uniqueUserZone;OWM Zona9;2019-11-03 00:00:00+01:00;221
uniqueUserZone;OWM Zona8;2019-11-03 00:00:00+01:00;270
uniqueUserZone;OWM Zona7;2019-11-03 00:00:00+01:00;162
uniqueUserZone;OWM Zona6;2019-11-03 00:00:00+01:00;429
uniqueUserZone;OWM Zona5;2019-11-03 00:00:00+01:00;190
uniqueUserZone;OWM Zona4;2019-11-03 00:00:00+01:00;316
uniqueUserZone;OWM Zona3;2019-11-03 00:00:00+01:00;681
uniqueUserZone;OWM Zona2;2019-11-03 00:00:00+01:00;388
uniqueUserZone;OWM Zona1;2019-11-03 00:00:00+01:00;950
uniqueUserZone;OWM Zona9;2019-11-02 00:00:00+01:00;266
uniqueUserZone;OWM Zona8;2019-11-02 00:00:00+01:00;344
uniqueUserZone;OWM Zona7;2019-11-02 00:00:00+01:00;172
uniqueUserZone;OWM Zona6;2019-11-02 00:00:00+01:00;599
uniqueUserZone;OWM Zona5;2019-11-02 00:00:00+01:00;208
uniqueUserZone;OWM Zona4;2019-11-02 00:00:00+01:00;367
uniqueUserZone;OWM Zona3;2019-11-02 00:00:00+01:00;861
uniqueUserZone;OWM Zona2;2019-11-02 00:00:00+01:00;495
uniqueUserZone;OWM Zona1;2019-11-02 00:00:00+01:00;1338
uniqueUserZone;OWM Zona9;2019-11-01 00:00:00+01:00;276
uniqueUserZone;OWM Zona8;2019-11-01 00:00:00+01:00;351
uniqueUserZone;OWM Zona7;2019-11-01 00:00:00+01:00;173
uniqueUserZone;OWM Zona6;2019-11-01 00:00:00+01:00;604
uniqueUserZone;OWM Zona5;2019-11-01 00:00:00+01:00;226
uniqueUserZone;OWM Zona4;2019-11-01 00:00:00+01:00;421
uniqueUserZone;OWM Zona3;2019-11-01 00:00:00+01:00;833
uniqueUserZone;OWM Zona2;2019-11-01 00:00:00+01:00;497
uniqueUserZone;OWM Zona1;2019-11-01 00:00:00+01:00;1389
uniqueUserZone;OWM Zona9;2019-10-31 00:00:00+01:00;435
uniqueUserZone;OWM Zona8;2019-10-31 00:00:00+01:00;483
uniqueUserZone;OWM Zona7;2019-10-31 00:00:00+01:00;297
uniqueUserZone;OWM Zona6;2019-10-31 00:00:00+01:00;811
uniqueUserZone;OWM Zona5;2019-10-31 00:00:00+01:00;303
uniqueUserZone;OWM Zona4;2019-10-31 00:00:00+01:00;567
uniqueUserZone;OWM Zona3;2019-10-31 00:00:00+01:00;1276
uniqueUserZone;OWM Zona2;2019-10-31 00:00:00+01:00;606
uniqueUserZone;OWM Zona1;2019-10-31 00:00:00+01:00;1831
uniqueUserZone;OWM Zona9;2019-10-30 00:00:00+01:00;363
uniqueUserZone;OWM Zona8;2019-10-30 00:00:00+01:00;444
uniqueUserZone;OWM Zona7;2019-10-30 00:00:00+01:00;246
uniqueUserZone;OWM Zona6;2019-10-30 00:00:00+01:00;647
uniqueUserZone;OWM Zona5;2019-10-30 00:00:00+01:00;270
uniqueUserZone;OWM Zona4;2019-10-30 00:00:00+01:00;487
uniqueUserZone;OWM Zona3;2019-10-30 00:00:00+01:00;996
uniqueUserZone;OWM Zona2;2019-10-30 00:00:00+01:00;566
uniqueUserZone;OWM Zona1;2019-10-30 00:00:00+01:00;1599
uniqueUserZone;OWM Zona9;2019-10-29 00:00:00+01:00;344
uniqueUserZone;OWM Zona8;2019-10-29 00:00:00+01:00;435
uniqueUserZone;OWM Zona7;2019-10-29 00:00:00+01:00;241
uniqueUserZone;OWM Zona6;2019-10-29 00:00:00+01:00;601
uniqueUserZone;OWM Zona5;2019-10-29 00:00:00+01:00;264
uniqueUserZone;OWM Zona4;2019-10-29 00:00:00+01:00;402
uniqueUserZone;OWM Zona3;2019-10-29 00:00:00+01:00;1035
uniqueUserZone;OWM Zona2;2019-10-29 00:00:00+01:00;591
uniqueUserZone;OWM Zona1;2019-10-29 00:00:00+01:00;1622
uniqueUserZone;OWM Zona9;2019-10-28 00:00:00+01:00;358
uniqueUserZone;OWM Zona8;2019-10-28 00:00:00+01:00;505
uniqueUserZone;OWM Zona7;2019-10-28 00:00:00+01:00;229
uniqueUserZone;OWM Zona6;2019-10-28 00:00:00+01:00;692
uniqueUserZone;OWM Zona5;2019-10-28 00:00:00+01:00;246
uniqueUserZone;OWM Zona4;2019-10-28 00:00:00+01:00;458
uniqueUserZone;OWM Zona3;2019-10-28 00:00:00+01:00;997
uniqueUserZone;OWM Zona2;2019-10-28 00:00:00+01:00;688
uniqueUserZone;OWM Zona1;2019-10-28 00:00:00+01:00;1692
uniqueUserZone;OWM Zona9;2019-10-27 00:00:00+02:00;293
uniqueUserZone;OWM Zona8;2019-10-27 00:00:00+02:00;365
uniqueUserZone;OWM Zona7;2019-10-27 00:00:00+02:00;178
uniqueUserZone;OWM Zona6;2019-10-27 00:00:00+02:00;710
uniqueUserZone;OWM Zona5;2019-10-27 00:00:00+02:00;183
uniqueUserZone;OWM Zona4;2019-10-27 00:00:00+02:00;386
uniqueUserZone;OWM Zona3;2019-10-27 00:00:00+02:00;825
uniqueUserZone;OWM Zona2;2019-10-27 00:00:00+02:00;600
uniqueUserZone;OWM Zona1;2019-10-27 00:00:00+02:00;1836
uniqueUserZone;OWM Zona9;2019-10-26 00:00:00+02:00;319
uniqueUserZone;OWM Zona8;2019-10-26 00:00:00+02:00;377
uniqueUserZone;OWM Zona7;2019-10-26 00:00:00+02:00;178
uniqueUserZone;OWM Zona6;2019-10-26 00:00:00+02:00;717
uniqueUserZone;OWM Zona5;2019-10-26 00:00:00+02:00;198
uniqueUserZone;OWM Zona4;2019-10-26 00:00:00+02:00;355
uniqueUserZone;OWM Zona3;2019-10-26 00:00:00+02:00;876
uniqueUserZone;OWM Zona2;2019-10-26 00:00:00+02:00;604
uniqueUserZone;OWM Zona1;2019-10-26 00:00:00+02:00;1936
uniqueUserZone;OWM Zona9;2019-10-25 00:00:00+02:00;288
uniqueUserZone;OWM Zona8;2019-10-25 00:00:00+02:00;394
uniqueUserZone;OWM Zona7;2019-10-25 00:00:00+02:00;175
uniqueUserZone;OWM Zona6;2019-10-25 00:00:00+02:00;621
uniqueUserZone;OWM Zona5;2019-10-25 00:00:00+02:00;205
uniqueUserZone;OWM Zona4;2019-10-25 00:00:00+02:00;300
uniqueUserZone;OWM Zona3;2019-10-25 00:00:00+02:00;814
uniqueUserZone;OWM Zona2;2019-10-25 00:00:00+02:00;510
uniqueUserZone;OWM Zona1;2019-10-25 00:00:00+02:00;1654
uniqueUserZone;OWM Zona9;2019-10-24 00:00:00+02:00;232
uniqueUserZone;OWM Zona8;2019-10-24 00:00:00+02:00;309
uniqueUserZone;OWM Zona7;2019-10-24 00:00:00+02:00;126
uniqueUserZone;OWM Zona6;2019-10-24 00:00:00+02:00;339
uniqueUserZone;OWM Zona5;2019-10-24 00:00:00+02:00;144
uniqueUserZone;OWM Zona4;2019-10-24 00:00:00+02:00;236
uniqueUserZone;OWM Zona3;2019-10-24 00:00:00+02:00;651
uniqueUserZone;OWM Zona2;2019-10-24 00:00:00+02:00;363
uniqueUserZone;OWM Zona1;2019-10-24 00:00:00+02:00;982
uniqueUserZone;OWM Zona9;2019-10-23 00:00:00+02:00;293
uniqueUserZone;OWM Zona8;2019-10-23 00:00:00+02:00;361
uniqueUserZone;OWM Zona7;2019-10-23 00:00:00+02:00;160
uniqueUserZone;OWM Zona6;2019-10-23 00:00:00+02:00;532
uniqueUserZone;OWM Zona5;2019-10-23 00:00:00+02:00;167
uniqueUserZone;OWM Zona4;2019-10-23 00:00:00+02:00;285
uniqueUserZone;OWM Zona3;2019-10-23 00:00:00+02:00;797
uniqueUserZone;OWM Zona2;2019-10-23 00:00:00+02:00;531
uniqueUserZone;OWM Zona1;2019-10-23 00:00:00+02:00;1508
uniqueUserZone;OWM Zona9;2019-10-22 00:00:00+02:00;258
uniqueUserZone;OWM Zona8;2019-10-22 00:00:00+02:00;326
uniqueUserZone;OWM Zona7;2019-10-22 00:00:00+02:00;130
uniqueUserZone;OWM Zona6;2019-10-22 00:00:00+02:00;482
uniqueUserZone;OWM Zona5;2019-10-22 00:00:00+02:00;141
uniqueUserZone;OWM Zona4;2019-10-22 00:00:00+02:00;231
uniqueUserZone;OWM Zona3;2019-10-22 00:00:00+02:00;733
uniqueUserZone;OWM Zona2;2019-10-22 00:00:00+02:00;439
uniqueUserZone;OWM Zona1;2019-10-22 00:00:00+02:00;1361
uniqueUserZone;OWM Zona9;2019-10-21 00:00:00+02:00;163
uniqueUserZone;OWM Zona8;2019-10-21 00:00:00+02:00;253
uniqueUserZone;OWM Zona7;2019-10-21 00:00:00+02:00;95
uniqueUserZone;OWM Zona6;2019-10-21 00:00:00+02:00;281
uniqueUserZone;OWM Zona5;2019-10-21 00:00:00+02:00;100
uniqueUserZone;OWM Zona4;2019-10-21 00:00:00+02:00;173
uniqueUserZone;OWM Zona3;2019-10-21 00:00:00+02:00;514
uniqueUserZone;OWM Zona2;2019-10-21 00:00:00+02:00;293
uniqueUserZone;OWM Zona1;2019-10-21 00:00:00+02:00;787
uniqueUserZone;OWM Zona9;2019-10-20 00:00:00+02:00;142
uniqueUserZone;OWM Zona8;2019-10-20 00:00:00+02:00;253
uniqueUserZone;OWM Zona7;2019-10-20 00:00:00+02:00;102
uniqueUserZone;OWM Zona6;2019-10-20 00:00:00+02:00;352
uniqueUserZone;OWM Zona5;2019-10-20 00:00:00+02:00;91
uniqueUserZone;OWM Zona4;2019-10-20 00:00:00+02:00;161
uniqueUserZone;OWM Zona3;2019-10-20 00:00:00+02:00;466
uniqueUserZone;OWM Zona2;2019-10-20 00:00:00+02:00;298
uniqueUserZone;OWM Zona1;2019-10-20 00:00:00+02:00;1098
uniqueUserZone;OWM Zona9;2019-10-19 00:00:00+02:00;121
uniqueUserZone;OWM Zona8;2019-10-19 00:00:00+02:00;197
uniqueUserZone;OWM Zona7;2019-10-19 00:00:00+02:00;81
uniqueUserZone;OWM Zona6;2019-10-19 00:00:00+02:00;294
uniqueUserZone;OWM Zona5;2019-10-19 00:00:00+02:00;76
uniqueUserZone;OWM Zona4;2019-10-19 00:00:00+02:00;137
uniqueUserZone;OWM Zona3;2019-10-19 00:00:00+02:00;451
uniqueUserZone;OWM Zona2;2019-10-19 00:00:00+02:00;226
uniqueUserZone;OWM Zona1;2019-10-19 00:00:00+02:00;1041
uniqueUserZone;OWM Zona9;2019-10-18 00:00:00+02:00;88
uniqueUserZone;OWM Zona8;2019-10-18 00:00:00+02:00;108
uniqueUserZone;OWM Zona7;2019-10-18 00:00:00+02:00;54
uniqueUserZone;OWM Zona6;2019-10-18 00:00:00+02:00;163
uniqueUserZone;OWM Zona5;2019-10-18 00:00:00+02:00;40
uniqueUserZone;OWM Zona4;2019-10-18 00:00:00+02:00;75
uniqueUserZone;OWM Zona3;2019-10-18 00:00:00+02:00;211
uniqueUserZone;OWM Zona2;2019-10-18 00:00:00+02:00;106
uniqueUserZone;OWM Zona1;2019-10-18 00:00:00+02:00;520
